,country,total_cases,total_cases_with_travel_history_to_china,total_cases_with_transmission_outside_china,total_cases_with_transmission_site_under_investigation,total_deaths,date,daily_cases,daily_deaths,lat,long,region,continent
0,Australia,0.0,0.0,0.0,0.0,0.0,2020-01-21,0.0,0.0,-25.274398,133.775136,Western Pacific,Australia
1,Belgium,0.0,0.0,0.0,0.0,0.0,2020-01-21,0.0,0.0,50.640281,4.666715,European,Europe
2,Cambodia,0.0,0.0,0.0,0.0,0.0,2020-01-21,0.0,0.0,12.565679,104.990963,Western Pacific,Asia
3,Canada,0.0,0.0,0.0,0.0,0.0,2020-01-21,0.0,0.0,56.130366,-106.346771,The Americas,North America
4,China,278.0,0.0,0.0,0.0,6.0,2020-01-21,278.0,6.0,35.86166,104.195397,Western Pacific,Asia
5,Egypt,0.0,0.0,0.0,0.0,0.0,2020-01-21,0.0,0.0,26.820553,30.802498,Eastern Mediterranean,Asia
6,Finland,0.0,0.0,0.0,0.0,0.0,2020-01-21,0.0,0.0,61.92411,25.748151,European,Europe
7,France,0.0,0.0,0.0,0.0,0.0,2020-01-21,0.0,0.0,46.227638,2.213749,European,Europe
8,Germany,0.0,0.0,0.0,0.0,0.0,2020-01-21,0.0,0.0,51.165691,10.451526,European,Europe
9,India,0.0,0.0,0.0,0.0,0.0,2020-01-21,0.0,0.0,20.593684,78.96288,South East Asia,Asia
10,Italy,0.0,0.0,0.0,0.0,0.0,2020-01-21,0.0,0.0,41.87194,12.56738,European,Europe
11,Japan,1.0,0.0,0.0,0.0,0.0,2020-01-21,1.0,0.0,36.204824,138.252924,Western Pacific,Asia
12,Korea,1.0,0.0,0.0,0.0,0.0,2020-01-21,1.0,0.0,40.339852,127.510093,Western Pacific,Asia
13,Malaysia,0.0,0.0,0.0,0.0,0.0,2020-01-21,0.0,0.0,4.210484,101.975766,Western Pacific,Asia
14,Nepal,0.0,0.0,0.0,0.0,0.0,2020-01-21,0.0,0.0,28.394857,84.124008,South East Asia,Asia
15,Philippines,0.0,0.0,0.0,0.0,0.0,2020-01-21,0.0,0.0,12.879721,121.774017,Western Pacific,Asia
16,Russian,0.0,0.0,0.0,0.0,0.0,2020-01-21,0.0,0.0,61.52401,105.318756,European,Europe
17,Singapore,0.0,0.0,0.0,0.0,0.0,2020-01-21,0.0,0.0,1.352083,103.819836,Western Pacific,Asia
18,Spain,0.0,0.0,0.0,0.0,0.0,2020-01-21,0.0,0.0,40.463667,-3.74922,European,Europe
19,SriLanka,0.0,0.0,0.0,0.0,0.0,2020-01-21,0.0,0.0,7.873054,80.771797,South East Asia,Asia
20,Sweden,0.0,0.0,0.0,0.0,0.0,2020-01-21,0.0,0.0,60.128161,18.643501,European,Europe
21,Thailand,2.0,0.0,0.0,0.0,0.0,2020-01-21,2.0,0.0,15.870032,100.992541,South East Asia,Asia
22,UAE,0.0,0.0,0.0,0.0,0.0,2020-01-21,0.0,0.0,23.424076,53.847818,Eastern Mediterranean,Asia
23,UK,0.0,0.0,0.0,0.0,0.0,2020-01-21,0.0,0.0,55.378051,-3.435973,European,Europe
24,USA,0.0,0.0,0.0,0.0,0.0,2020-01-21,0.0,0.0,37.09024,-95.712891,The Americas,North America
25,VietNam,0.0,0.0,0.0,0.0,0.0,2020-01-21,0.0,0.0,14.058324,108.277199,Western Pacific,Asia
26,Australia,0.0,0.0,0.0,0.0,0.0,2020-01-22,0.0,0.0,-25.274398,133.775136,Western Pacific,Australia
27,Belgium,0.0,0.0,0.0,0.0,0.0,2020-01-22,0.0,0.0,50.640281,4.666715,European,Europe
28,Cambodia,0.0,0.0,0.0,0.0,0.0,2020-01-22,0.0,0.0,12.565679,104.990963,Western Pacific,Asia
29,Canada,0.0,0.0,0.0,0.0,0.0,2020-01-22,0.0,0.0,56.130366,-106.346771,The Americas,North America
30,China,309.0,0.0,0.0,0.0,6.0,2020-01-22,31.0,0.0,35.86166,104.195397,Western Pacific,Asia
31,Egypt,0.0,0.0,0.0,0.0,0.0,2020-01-22,0.0,0.0,26.820553,30.802498,Eastern Mediterranean,Asia
32,Finland,0.0,0.0,0.0,0.0,0.0,2020-01-22,0.0,0.0,61.92411,25.748151,European,Europe
33,France,0.0,0.0,0.0,0.0,0.0,2020-01-22,0.0,0.0,46.227638,2.213749,European,Europe
34,Germany,0.0,0.0,0.0,0.0,0.0,2020-01-22,0.0,0.0,51.165691,10.451526,European,Europe
35,India,0.0,0.0,0.0,0.0,0.0,2020-01-22,0.0,0.0,20.593684,78.96288,South East Asia,Asia
36,Italy,0.0,0.0,0.0,0.0,0.0,2020-01-22,0.0,0.0,41.87194,12.56738,European,Europe
37,Japan,1.0,0.0,0.0,0.0,0.0,2020-01-22,0.0,0.0,36.204824,138.252924,Western Pacific,Asia
38,Korea,1.0,0.0,0.0,0.0,0.0,2020-01-22,0.0,0.0,40.339852,127.510093,Western Pacific,Asia
39,Malaysia,0.0,0.0,0.0,0.0,0.0,2020-01-22,0.0,0.0,4.210484,101.975766,Western Pacific,Asia
40,Nepal,0.0,0.0,0.0,0.0,0.0,2020-01-22,0.0,0.0,28.394857,84.124008,South East Asia,Asia
41,Philippines,0.0,0.0,0.0,0.0,0.0,2020-01-22,0.0,0.0,12.879721,121.774017,Western Pacific,Asia
42,Russian,0.0,0.0,0.0,0.0,0.0,2020-01-22,0.0,0.0,61.52401,105.318756,European,Europe
43,Singapore,0.0,0.0,0.0,0.0,0.0,2020-01-22,0.0,0.0,1.352083,103.819836,Western Pacific,Asia
44,Spain,0.0,0.0,0.0,0.0,0.0,2020-01-22,0.0,0.0,40.463667,-3.74922,European,Europe
45,SriLanka,0.0,0.0,0.0,0.0,0.0,2020-01-22,0.0,0.0,7.873054,80.771797,South East Asia,Asia
46,Sweden,0.0,0.0,0.0,0.0,0.0,2020-01-22,0.0,0.0,60.128161,18.643501,European,Europe
47,Thailand,2.0,0.0,0.0,0.0,0.0,2020-01-22,0.0,0.0,15.870032,100.992541,South East Asia,Asia
48,UAE,0.0,0.0,0.0,0.0,0.0,2020-01-22,0.0,0.0,23.424076,53.847818,Eastern Mediterranean,Asia
49,UK,0.0,0.0,0.0,0.0,0.0,2020-01-22,0.0,0.0,55.378051,-3.435973,European,Europe
50,USA,0.0,0.0,0.0,0.0,0.0,2020-01-22,0.0,0.0,37.09024,-95.712891,The Americas,North America
51,VietNam,0.0,0.0,0.0,0.0,0.0,2020-01-22,0.0,0.0,14.058324,108.277199,Western Pacific,Asia
52,Australia,0.0,0.0,0.0,0.0,0.0,2020-01-23,0.0,0.0,-25.274398,133.775136,Western Pacific,Australia
53,Belgium,0.0,0.0,0.0,0.0,0.0,2020-01-23,0.0,0.0,50.640281,4.666715,European,Europe
54,Cambodia,0.0,0.0,0.0,0.0,0.0,2020-01-23,0.0,0.0,12.565679,104.990963,Western Pacific,Asia
55,Canada,0.0,0.0,0.0,0.0,0.0,2020-01-23,0.0,0.0,56.130366,-106.346771,The Americas,North America
56,China,571.0,0.0,0.0,0.0,17.0,2020-01-23,262.0,11.0,35.86166,104.195397,Western Pacific,Asia
57,Egypt,0.0,0.0,0.0,0.0,0.0,2020-01-23,0.0,0.0,26.820553,30.802498,Eastern Mediterranean,Asia
58,Finland,0.0,0.0,0.0,0.0,0.0,2020-01-23,0.0,0.0,61.92411,25.748151,European,Europe
59,France,0.0,0.0,0.0,0.0,0.0,2020-01-23,0.0,0.0,46.227638,2.213749,European,Europe
60,Germany,0.0,0.0,0.0,0.0,0.0,2020-01-23,0.0,0.0,51.165691,10.451526,European,Europe
61,India,0.0,0.0,0.0,0.0,0.0,2020-01-23,0.0,0.0,20.593684,78.96288,South East Asia,Asia
62,Italy,0.0,0.0,0.0,0.0,0.0,2020-01-23,0.0,0.0,41.87194,12.56738,European,Europe
63,Japan,1.0,0.0,0.0,0.0,0.0,2020-01-23,0.0,0.0,36.204824,138.252924,Western Pacific,Asia
64,Korea,1.0,0.0,0.0,0.0,0.0,2020-01-23,0.0,0.0,40.339852,127.510093,Western Pacific,Asia
65,Malaysia,0.0,0.0,0.0,0.0,0.0,2020-01-23,0.0,0.0,4.210484,101.975766,Western Pacific,Asia
66,Nepal,0.0,0.0,0.0,0.0,0.0,2020-01-23,0.0,0.0,28.394857,84.124008,South East Asia,Asia
67,Philippines,0.0,0.0,0.0,0.0,0.0,2020-01-23,0.0,0.0,12.879721,121.774017,Western Pacific,Asia
68,Russian,0.0,0.0,0.0,0.0,0.0,2020-01-23,0.0,0.0,61.52401,105.318756,European,Europe
69,Singapore,0.0,0.0,0.0,0.0,0.0,2020-01-23,0.0,0.0,1.352083,103.819836,Western Pacific,Asia
70,Spain,0.0,0.0,0.0,0.0,0.0,2020-01-23,0.0,0.0,40.463667,-3.74922,European,Europe
71,SriLanka,0.0,0.0,0.0,0.0,0.0,2020-01-23,0.0,0.0,7.873054,80.771797,South East Asia,Asia
72,Sweden,0.0,0.0,0.0,0.0,0.0,2020-01-23,0.0,0.0,60.128161,18.643501,European,Europe
73,Thailand,4.0,0.0,0.0,0.0,0.0,2020-01-23,2.0,0.0,15.870032,100.992541,South East Asia,Asia
74,UAE,0.0,0.0,0.0,0.0,0.0,2020-01-23,0.0,0.0,23.424076,53.847818,Eastern Mediterranean,Asia
75,UK,0.0,0.0,0.0,0.0,0.0,2020-01-23,0.0,0.0,55.378051,-3.435973,European,Europe
76,USA,1.0,0.0,0.0,0.0,0.0,2020-01-23,1.0,0.0,37.09024,-95.712891,The Americas,North America
77,VietNam,0.0,0.0,0.0,0.0,0.0,2020-01-23,0.0,0.0,14.058324,108.277199,Western Pacific,Asia
78,Australia,0.0,0.0,0.0,0.0,0.0,2020-01-24,0.0,0.0,-25.274398,133.775136,Western Pacific,Australia
79,Belgium,0.0,0.0,0.0,0.0,0.0,2020-01-24,0.0,0.0,50.640281,4.666715,European,Europe
80,Cambodia,0.0,0.0,0.0,0.0,0.0,2020-01-24,0.0,0.0,12.565679,104.990963,Western Pacific,Asia
81,Canada,0.0,0.0,0.0,0.0,0.0,2020-01-24,0.0,0.0,56.130366,-106.346771,The Americas,North America
82,China,830.0,0.0,0.0,0.0,25.0,2020-01-24,259.0,8.0,35.86166,104.195397,Western Pacific,Asia
83,Egypt,0.0,0.0,0.0,0.0,0.0,2020-01-24,0.0,0.0,26.820553,30.802498,Eastern Mediterranean,Asia
84,Finland,0.0,0.0,0.0,0.0,0.0,2020-01-24,0.0,0.0,61.92411,25.748151,European,Europe
85,France,0.0,0.0,0.0,0.0,0.0,2020-01-24,0.0,0.0,46.227638,2.213749,European,Europe
86,Germany,0.0,0.0,0.0,0.0,0.0,2020-01-24,0.0,0.0,51.165691,10.451526,European,Europe
87,India,0.0,0.0,0.0,0.0,0.0,2020-01-24,0.0,0.0,20.593684,78.96288,South East Asia,Asia
88,Italy,0.0,0.0,0.0,0.0,0.0,2020-01-24,0.0,0.0,41.87194,12.56738,European,Europe
89,Japan,1.0,0.0,0.0,0.0,0.0,2020-01-24,0.0,0.0,36.204824,138.252924,Western Pacific,Asia
90,Korea,2.0,0.0,0.0,0.0,0.0,2020-01-24,1.0,0.0,40.339852,127.510093,Western Pacific,Asia
91,Malaysia,0.0,0.0,0.0,0.0,0.0,2020-01-24,0.0,0.0,4.210484,101.975766,Western Pacific,Asia
92,Nepal,0.0,0.0,0.0,0.0,0.0,2020-01-24,0.0,0.0,28.394857,84.124008,South East Asia,Asia
93,Philippines,0.0,0.0,0.0,0.0,0.0,2020-01-24,0.0,0.0,12.879721,121.774017,Western Pacific,Asia
94,Russian,0.0,0.0,0.0,0.0,0.0,2020-01-24,0.0,0.0,61.52401,105.318756,European,Europe
95,Singapore,1.0,0.0,0.0,0.0,0.0,2020-01-24,1.0,0.0,1.352083,103.819836,Western Pacific,Asia
96,Spain,0.0,0.0,0.0,0.0,0.0,2020-01-24,0.0,0.0,40.463667,-3.74922,European,Europe
97,SriLanka,0.0,0.0,0.0,0.0,0.0,2020-01-24,0.0,0.0,7.873054,80.771797,South East Asia,Asia
98,Sweden,0.0,0.0,0.0,0.0,0.0,2020-01-24,0.0,0.0,60.128161,18.643501,European,Europe
99,Thailand,4.0,0.0,0.0,0.0,0.0,2020-01-24,0.0,0.0,15.870032,100.992541,South East Asia,Asia
100,UAE,0.0,0.0,0.0,0.0,0.0,2020-01-24,0.0,0.0,23.424076,53.847818,Eastern Mediterranean,Asia
101,UK,0.0,0.0,0.0,0.0,0.0,2020-01-24,0.0,0.0,55.378051,-3.435973,European,Europe
102,USA,1.0,0.0,0.0,0.0,0.0,2020-01-24,0.0,0.0,37.09024,-95.712891,The Americas,North America
103,VietNam,2.0,0.0,0.0,0.0,0.0,2020-01-24,2.0,0.0,14.058324,108.277199,Western Pacific,Asia
104,Australia,3.0,0.0,0.0,0.0,0.0,2020-01-25,3.0,0.0,-25.274398,133.775136,Western Pacific,Australia
105,Belgium,0.0,0.0,0.0,0.0,0.0,2020-01-25,0.0,0.0,50.640281,4.666715,European,Europe
106,Cambodia,0.0,0.0,0.0,0.0,0.0,2020-01-25,0.0,0.0,12.565679,104.990963,Western Pacific,Asia
107,Canada,0.0,0.0,0.0,0.0,0.0,2020-01-25,0.0,0.0,56.130366,-106.346771,The Americas,North America
108,China,1297.0,0.0,0.0,0.0,41.0,2020-01-25,467.0,16.0,35.86166,104.195397,Western Pacific,Asia
109,Egypt,0.0,0.0,0.0,0.0,0.0,2020-01-25,0.0,0.0,26.820553,30.802498,Eastern Mediterranean,Asia
110,Finland,0.0,0.0,0.0,0.0,0.0,2020-01-25,0.0,0.0,61.92411,25.748151,European,Europe
111,France,3.0,0.0,0.0,0.0,0.0,2020-01-25,3.0,0.0,46.227638,2.213749,European,Europe
112,Germany,0.0,0.0,0.0,0.0,0.0,2020-01-25,0.0,0.0,51.165691,10.451526,European,Europe
113,India,0.0,0.0,0.0,0.0,0.0,2020-01-25,0.0,0.0,20.593684,78.96288,South East Asia,Asia
114,Italy,0.0,0.0,0.0,0.0,0.0,2020-01-25,0.0,0.0,41.87194,12.56738,European,Europe
115,Japan,3.0,0.0,0.0,0.0,0.0,2020-01-25,2.0,0.0,36.204824,138.252924,Western Pacific,Asia
116,Korea,2.0,0.0,0.0,0.0,0.0,2020-01-25,0.0,0.0,40.339852,127.510093,Western Pacific,Asia
117,Malaysia,0.0,0.0,0.0,0.0,0.0,2020-01-25,0.0,0.0,4.210484,101.975766,Western Pacific,Asia
118,Nepal,1.0,0.0,0.0,0.0,0.0,2020-01-25,1.0,0.0,28.394857,84.124008,South East Asia,Asia
119,Philippines,0.0,0.0,0.0,0.0,0.0,2020-01-25,0.0,0.0,12.879721,121.774017,Western Pacific,Asia
120,Russian,0.0,0.0,0.0,0.0,0.0,2020-01-25,0.0,0.0,61.52401,105.318756,European,Europe
121,Singapore,3.0,0.0,0.0,0.0,0.0,2020-01-25,2.0,0.0,1.352083,103.819836,Western Pacific,Asia
122,Spain,0.0,0.0,0.0,0.0,0.0,2020-01-25,0.0,0.0,40.463667,-3.74922,European,Europe
123,SriLanka,0.0,0.0,0.0,0.0,0.0,2020-01-25,0.0,0.0,7.873054,80.771797,South East Asia,Asia
124,Sweden,0.0,0.0,0.0,0.0,0.0,2020-01-25,0.0,0.0,60.128161,18.643501,European,Europe
125,Thailand,4.0,0.0,0.0,0.0,0.0,2020-01-25,0.0,0.0,15.870032,100.992541,South East Asia,Asia
126,UAE,0.0,0.0,0.0,0.0,0.0,2020-01-25,0.0,0.0,23.424076,53.847818,Eastern Mediterranean,Asia
127,UK,0.0,0.0,0.0,0.0,0.0,2020-01-25,0.0,0.0,55.378051,-3.435973,European,Europe
128,USA,2.0,0.0,0.0,0.0,0.0,2020-01-25,1.0,0.0,37.09024,-95.712891,The Americas,North America
129,VietNam,2.0,0.0,0.0,0.0,0.0,2020-01-25,0.0,0.0,14.058324,108.277199,Western Pacific,Asia
130,Australia,4.0,4.0,0.0,0.0,0.0,2020-01-26,1.0,0.0,-25.274398,133.775136,Western Pacific,Australia
131,Belgium,0.0,0.0,0.0,0.0,0.0,2020-01-26,0.0,0.0,50.640281,4.666715,European,Europe
132,Cambodia,0.0,0.0,0.0,0.0,0.0,2020-01-26,0.0,0.0,12.565679,104.990963,Western Pacific,Asia
133,Canada,0.0,0.0,0.0,0.0,0.0,2020-01-26,0.0,0.0,56.130366,-106.346771,The Americas,North America
134,China,1985.0,0.0,0.0,0.0,56.0,2020-01-26,688.0,15.0,35.86166,104.195397,Western Pacific,Asia
135,Egypt,0.0,0.0,0.0,0.0,0.0,2020-01-26,0.0,0.0,26.820553,30.802498,Eastern Mediterranean,Asia
136,Finland,0.0,0.0,0.0,0.0,0.0,2020-01-26,0.0,0.0,61.92411,25.748151,European,Europe
137,France,3.0,0.0,0.0,0.0,0.0,2020-01-26,0.0,0.0,46.227638,2.213749,European,Europe
138,Germany,0.0,0.0,0.0,0.0,0.0,2020-01-26,0.0,0.0,51.165691,10.451526,European,Europe
139,India,0.0,0.0,0.0,0.0,0.0,2020-01-26,0.0,0.0,20.593684,78.96288,South East Asia,Asia
140,Italy,0.0,0.0,0.0,0.0,0.0,2020-01-26,0.0,0.0,41.87194,12.56738,European,Europe
141,Japan,3.0,0.0,0.0,0.0,0.0,2020-01-26,0.0,0.0,36.204824,138.252924,Western Pacific,Asia
142,Korea,2.0,0.0,0.0,0.0,0.0,2020-01-26,0.0,0.0,40.339852,127.510093,Western Pacific,Asia
143,Malaysia,3.0,0.0,0.0,0.0,0.0,2020-01-26,3.0,0.0,4.210484,101.975766,Western Pacific,Asia
144,Nepal,1.0,0.0,0.0,0.0,0.0,2020-01-26,0.0,0.0,28.394857,84.124008,South East Asia,Asia
145,Philippines,0.0,0.0,0.0,0.0,0.0,2020-01-26,0.0,0.0,12.879721,121.774017,Western Pacific,Asia
146,Russian,0.0,0.0,0.0,0.0,0.0,2020-01-26,0.0,0.0,61.52401,105.318756,European,Europe
147,Singapore,4.0,0.0,0.0,0.0,0.0,2020-01-26,1.0,0.0,1.352083,103.819836,Western Pacific,Asia
148,Spain,0.0,0.0,0.0,0.0,0.0,2020-01-26,0.0,0.0,40.463667,-3.74922,European,Europe
149,SriLanka,0.0,0.0,0.0,0.0,0.0,2020-01-26,0.0,0.0,7.873054,80.771797,South East Asia,Asia
150,Sweden,0.0,0.0,0.0,0.0,0.0,2020-01-26,0.0,0.0,60.128161,18.643501,European,Europe
151,Thailand,5.0,0.0,0.0,0.0,0.0,2020-01-26,1.0,0.0,15.870032,100.992541,South East Asia,Asia
152,UAE,0.0,0.0,0.0,0.0,0.0,2020-01-26,0.0,0.0,23.424076,53.847818,Eastern Mediterranean,Asia
153,UK,0.0,0.0,0.0,0.0,0.0,2020-01-26,0.0,0.0,55.378051,-3.435973,European,Europe
154,USA,2.0,0.0,0.0,0.0,0.0,2020-01-26,0.0,0.0,37.09024,-95.712891,The Americas,North America
155,VietNam,2.0,0.0,0.0,0.0,0.0,2020-01-26,0.0,0.0,14.058324,108.277199,Western Pacific,Asia
156,Australia,4.0,4.0,0.0,0.0,0.0,2020-01-27,0.0,0.0,-25.274398,133.775136,Western Pacific,Australia
157,Belgium,0.0,0.0,0.0,0.0,0.0,2020-01-27,0.0,0.0,50.640281,4.666715,European,Europe
158,Cambodia,0.0,0.0,0.0,0.0,0.0,2020-01-27,0.0,0.0,12.565679,104.990963,Western Pacific,Asia
159,Canada,1.0,0.0,0.0,0.0,0.0,2020-01-27,1.0,0.0,56.130366,-106.346771,The Americas,North America
160,China,2761.0,0.0,0.0,0.0,80.0,2020-01-27,776.0,24.0,35.86166,104.195397,Western Pacific,Asia
161,Egypt,0.0,0.0,0.0,0.0,0.0,2020-01-27,0.0,0.0,26.820553,30.802498,Eastern Mediterranean,Asia
162,Finland,0.0,0.0,0.0,0.0,0.0,2020-01-27,0.0,0.0,61.92411,25.748151,European,Europe
163,France,3.0,0.0,0.0,0.0,0.0,2020-01-27,0.0,0.0,46.227638,2.213749,European,Europe
164,Germany,0.0,0.0,0.0,0.0,0.0,2020-01-27,0.0,0.0,51.165691,10.451526,European,Europe
165,India,0.0,0.0,0.0,0.0,0.0,2020-01-27,0.0,0.0,20.593684,78.96288,South East Asia,Asia
166,Italy,0.0,0.0,0.0,0.0,0.0,2020-01-27,0.0,0.0,41.87194,12.56738,European,Europe
167,Japan,4.0,0.0,0.0,0.0,0.0,2020-01-27,1.0,0.0,36.204824,138.252924,Western Pacific,Asia
168,Korea,4.0,0.0,0.0,0.0,0.0,2020-01-27,2.0,0.0,40.339852,127.510093,Western Pacific,Asia
169,Malaysia,4.0,0.0,0.0,0.0,0.0,2020-01-27,1.0,0.0,4.210484,101.975766,Western Pacific,Asia
170,Nepal,1.0,0.0,0.0,0.0,0.0,2020-01-27,0.0,0.0,28.394857,84.124008,South East Asia,Asia
171,Philippines,0.0,0.0,0.0,0.0,0.0,2020-01-27,0.0,0.0,12.879721,121.774017,Western Pacific,Asia
172,Russian,0.0,0.0,0.0,0.0,0.0,2020-01-27,0.0,0.0,61.52401,105.318756,European,Europe
173,Singapore,4.0,0.0,0.0,0.0,0.0,2020-01-27,0.0,0.0,1.352083,103.819836,Western Pacific,Asia
174,Spain,0.0,0.0,0.0,0.0,0.0,2020-01-27,0.0,0.0,40.463667,-3.74922,European,Europe
175,SriLanka,0.0,0.0,0.0,0.0,0.0,2020-01-27,0.0,0.0,7.873054,80.771797,South East Asia,Asia
176,Sweden,0.0,0.0,0.0,0.0,0.0,2020-01-27,0.0,0.0,60.128161,18.643501,European,Europe
177,Thailand,5.0,0.0,0.0,0.0,0.0,2020-01-27,0.0,0.0,15.870032,100.992541,South East Asia,Asia
178,UAE,0.0,0.0,0.0,0.0,0.0,2020-01-27,0.0,0.0,23.424076,53.847818,Eastern Mediterranean,Asia
179,UK,0.0,0.0,0.0,0.0,0.0,2020-01-27,0.0,0.0,55.378051,-3.435973,European,Europe
180,USA,5.0,0.0,0.0,0.0,0.0,2020-01-27,3.0,0.0,37.09024,-95.712891,The Americas,North America
181,VietNam,2.0,0.0,0.0,0.0,0.0,2020-01-27,0.0,0.0,14.058324,108.277199,Western Pacific,Asia
182,Australia,5.0,5.0,0.0,0.0,0.0,2020-01-28,1.0,0.0,-25.274398,133.775136,Western Pacific,Australia
183,Belgium,0.0,0.0,0.0,0.0,0.0,2020-01-28,0.0,0.0,50.640281,4.666715,European,Europe
184,Cambodia,1.0,1.0,0.0,0.0,0.0,2020-01-28,1.0,0.0,12.565679,104.990963,Western Pacific,Asia
185,Canada,2.0,0.0,0.0,0.0,0.0,2020-01-28,1.0,0.0,56.130366,-106.346771,The Americas,North America
186,China,4537.0,0.0,0.0,0.0,106.0,2020-01-28,1776.0,26.0,35.86166,104.195397,Western Pacific,Asia
187,Egypt,0.0,0.0,0.0,0.0,0.0,2020-01-28,0.0,0.0,26.820553,30.802498,Eastern Mediterranean,Asia
188,Finland,0.0,0.0,0.0,0.0,0.0,2020-01-28,0.0,0.0,61.92411,25.748151,European,Europe
189,France,3.0,0.0,0.0,0.0,0.0,2020-01-28,0.0,0.0,46.227638,2.213749,European,Europe
190,Germany,1.0,0.0,0.0,0.0,0.0,2020-01-28,1.0,0.0,51.165691,10.451526,European,Europe
191,India,0.0,0.0,0.0,0.0,0.0,2020-01-28,0.0,0.0,20.593684,78.96288,South East Asia,Asia
192,Italy,0.0,0.0,0.0,0.0,0.0,2020-01-28,0.0,0.0,41.87194,12.56738,European,Europe
193,Japan,6.0,0.0,0.0,0.0,0.0,2020-01-28,2.0,0.0,36.204824,138.252924,Western Pacific,Asia
194,Korea,4.0,0.0,0.0,0.0,0.0,2020-01-28,0.0,0.0,40.339852,127.510093,Western Pacific,Asia
195,Malaysia,4.0,0.0,0.0,0.0,0.0,2020-01-28,0.0,0.0,4.210484,101.975766,Western Pacific,Asia
196,Nepal,1.0,0.0,0.0,0.0,0.0,2020-01-28,0.0,0.0,28.394857,84.124008,South East Asia,Asia
197,Philippines,0.0,0.0,0.0,0.0,0.0,2020-01-28,0.0,0.0,12.879721,121.774017,Western Pacific,Asia
198,Russian,0.0,0.0,0.0,0.0,0.0,2020-01-28,0.0,0.0,61.52401,105.318756,European,Europe
199,Singapore,7.0,0.0,0.0,0.0,0.0,2020-01-28,3.0,0.0,1.352083,103.819836,Western Pacific,Asia
200,Spain,0.0,0.0,0.0,0.0,0.0,2020-01-28,0.0,0.0,40.463667,-3.74922,European,Europe
201,SriLanka,1.0,1.0,0.0,0.0,0.0,2020-01-28,1.0,0.0,7.873054,80.771797,South East Asia,Asia
202,Sweden,0.0,0.0,0.0,0.0,0.0,2020-01-28,0.0,0.0,60.128161,18.643501,European,Europe
203,Thailand,14.0,0.0,0.0,0.0,0.0,2020-01-28,9.0,0.0,15.870032,100.992541,South East Asia,Asia
204,UAE,0.0,0.0,0.0,0.0,0.0,2020-01-28,0.0,0.0,23.424076,53.847818,Eastern Mediterranean,Asia
205,UK,0.0,0.0,0.0,0.0,0.0,2020-01-28,0.0,0.0,55.378051,-3.435973,European,Europe
206,USA,5.0,0.0,0.0,0.0,0.0,2020-01-28,0.0,0.0,37.09024,-95.712891,The Americas,North America
207,VietNam,2.0,0.0,0.0,0.0,0.0,2020-01-28,0.0,0.0,14.058324,108.277199,Western Pacific,Asia
208,Australia,7.0,0.0,0.0,0.0,0.0,2020-01-29,2.0,0.0,-25.274398,133.775136,Western Pacific,Australia
209,Belgium,0.0,0.0,0.0,0.0,0.0,2020-01-29,0.0,0.0,50.640281,4.666715,European,Europe
210,Cambodia,1.0,0.0,0.0,0.0,0.0,2020-01-29,0.0,0.0,12.565679,104.990963,Western Pacific,Asia
211,Canada,3.0,0.0,0.0,0.0,0.0,2020-01-29,1.0,0.0,56.130366,-106.346771,The Americas,North America
212,China,5997.0,0.0,0.0,0.0,132.0,2020-01-29,1460.0,26.0,35.86166,104.195397,Western Pacific,Asia
213,Egypt,0.0,0.0,0.0,0.0,0.0,2020-01-29,0.0,0.0,26.820553,30.802498,Eastern Mediterranean,Asia
214,Finland,0.0,0.0,0.0,0.0,0.0,2020-01-29,0.0,0.0,61.92411,25.748151,European,Europe
215,France,4.0,0.0,0.0,0.0,0.0,2020-01-29,1.0,0.0,46.227638,2.213749,European,Europe
216,Germany,4.0,0.0,0.0,0.0,0.0,2020-01-29,3.0,0.0,51.165691,10.451526,European,Europe
217,India,0.0,0.0,0.0,0.0,0.0,2020-01-29,0.0,0.0,20.593684,78.96288,South East Asia,Asia
218,Italy,0.0,0.0,0.0,0.0,0.0,2020-01-29,0.0,0.0,41.87194,12.56738,European,Europe
219,Japan,7.0,0.0,0.0,0.0,0.0,2020-01-29,1.0,0.0,36.204824,138.252924,Western Pacific,Asia
220,Korea,4.0,0.0,0.0,0.0,0.0,2020-01-29,0.0,0.0,40.339852,127.510093,Western Pacific,Asia
221,Malaysia,4.0,0.0,0.0,0.0,0.0,2020-01-29,0.0,0.0,4.210484,101.975766,Western Pacific,Asia
222,Nepal,1.0,0.0,0.0,0.0,0.0,2020-01-29,0.0,0.0,28.394857,84.124008,South East Asia,Asia
223,Philippines,0.0,0.0,0.0,0.0,0.0,2020-01-29,0.0,0.0,12.879721,121.774017,Western Pacific,Asia
224,Russian,0.0,0.0,0.0,0.0,0.0,2020-01-29,0.0,0.0,61.52401,105.318756,European,Europe
225,Singapore,7.0,0.0,0.0,0.0,0.0,2020-01-29,0.0,0.0,1.352083,103.819836,Western Pacific,Asia
226,Spain,0.0,0.0,0.0,0.0,0.0,2020-01-29,0.0,0.0,40.463667,-3.74922,European,Europe
227,SriLanka,1.0,0.0,0.0,0.0,0.0,2020-01-29,0.0,0.0,7.873054,80.771797,South East Asia,Asia
228,Sweden,0.0,0.0,0.0,0.0,0.0,2020-01-29,0.0,0.0,60.128161,18.643501,European,Europe
229,Thailand,14.0,0.0,0.0,0.0,0.0,2020-01-29,0.0,0.0,15.870032,100.992541,South East Asia,Asia
230,UAE,4.0,4.0,0.0,0.0,0.0,2020-01-29,4.0,0.0,23.424076,53.847818,Eastern Mediterranean,Asia
231,UK,0.0,0.0,0.0,0.0,0.0,2020-01-29,0.0,0.0,55.378051,-3.435973,European,Europe
232,USA,5.0,0.0,0.0,0.0,0.0,2020-01-29,0.0,0.0,37.09024,-95.712891,The Americas,North America
233,VietNam,2.0,0.0,0.0,0.0,0.0,2020-01-29,0.0,0.0,14.058324,108.277199,Western Pacific,Asia
234,Australia,7.0,7.0,0.0,0.0,0.0,2020-01-30,0.0,0.0,-25.274398,133.775136,Western Pacific,Australia
235,Belgium,0.0,0.0,0.0,0.0,0.0,2020-01-30,0.0,0.0,50.640281,4.666715,European,Europe
236,Cambodia,1.0,1.0,0.0,0.0,0.0,2020-01-30,0.0,0.0,12.565679,104.990963,Western Pacific,Asia
237,Canada,3.0,0.0,0.0,0.0,0.0,2020-01-30,0.0,0.0,56.130366,-106.346771,The Americas,North America
238,China,7736.0,0.0,0.0,0.0,170.0,2020-01-30,1739.0,38.0,35.86166,104.195397,Western Pacific,Asia
239,Egypt,0.0,0.0,0.0,0.0,0.0,2020-01-30,0.0,0.0,26.820553,30.802498,Eastern Mediterranean,Asia
240,Finland,1.0,1.0,0.0,0.0,0.0,2020-01-30,1.0,0.0,61.92411,25.748151,European,Europe
241,France,5.0,0.0,0.0,0.0,0.0,2020-01-30,1.0,0.0,46.227638,2.213749,European,Europe
242,Germany,4.0,0.0,0.0,0.0,0.0,2020-01-30,0.0,0.0,51.165691,10.451526,European,Europe
243,India,1.0,1.0,0.0,0.0,0.0,2020-01-30,1.0,0.0,20.593684,78.96288,South East Asia,Asia
244,Italy,0.0,0.0,0.0,0.0,0.0,2020-01-30,0.0,0.0,41.87194,12.56738,European,Europe
245,Japan,11.0,0.0,0.0,0.0,0.0,2020-01-30,4.0,0.0,36.204824,138.252924,Western Pacific,Asia
246,Korea,4.0,0.0,0.0,0.0,0.0,2020-01-30,0.0,0.0,40.339852,127.510093,Western Pacific,Asia
247,Malaysia,7.0,0.0,0.0,0.0,0.0,2020-01-30,3.0,0.0,4.210484,101.975766,Western Pacific,Asia
248,Nepal,1.0,0.0,0.0,0.0,0.0,2020-01-30,0.0,0.0,28.394857,84.124008,South East Asia,Asia
249,Philippines,1.0,0.0,0.0,0.0,0.0,2020-01-30,1.0,0.0,12.879721,121.774017,Western Pacific,Asia
250,Russian,0.0,0.0,0.0,0.0,0.0,2020-01-30,0.0,0.0,61.52401,105.318756,European,Europe
251,Singapore,10.0,0.0,0.0,0.0,0.0,2020-01-30,3.0,0.0,1.352083,103.819836,Western Pacific,Asia
252,Spain,0.0,0.0,0.0,0.0,0.0,2020-01-30,0.0,0.0,40.463667,-3.74922,European,Europe
253,SriLanka,1.0,1.0,0.0,0.0,0.0,2020-01-30,0.0,0.0,7.873054,80.771797,South East Asia,Asia
254,Sweden,0.0,0.0,0.0,0.0,0.0,2020-01-30,0.0,0.0,60.128161,18.643501,European,Europe
255,Thailand,14.0,0.0,0.0,0.0,0.0,2020-01-30,0.0,0.0,15.870032,100.992541,South East Asia,Asia
256,UAE,4.0,0.0,0.0,0.0,0.0,2020-01-30,0.0,0.0,23.424076,53.847818,Eastern Mediterranean,Asia
257,UK,0.0,0.0,0.0,0.0,0.0,2020-01-30,0.0,0.0,55.378051,-3.435973,European,Europe
258,USA,5.0,0.0,0.0,0.0,0.0,2020-01-30,0.0,0.0,37.09024,-95.712891,The Americas,North America
259,VietNam,2.0,0.0,0.0,0.0,0.0,2020-01-30,0.0,0.0,14.058324,108.277199,Western Pacific,Asia
260,Australia,9.0,0.0,0.0,0.0,0.0,2020-01-31,2.0,0.0,-25.274398,133.775136,Western Pacific,Australia
261,Belgium,0.0,0.0,0.0,0.0,0.0,2020-01-31,0.0,0.0,50.640281,4.666715,European,Europe
262,Cambodia,1.0,0.0,0.0,0.0,0.0,2020-01-31,0.0,0.0,12.565679,104.990963,Western Pacific,Asia
263,Canada,3.0,0.0,0.0,0.0,0.0,2020-01-31,0.0,0.0,56.130366,-106.346771,The Americas,North America
264,China,9720.0,0.0,0.0,0.0,213.0,2020-01-31,1984.0,43.0,35.86166,104.195397,Western Pacific,Asia
265,Egypt,0.0,0.0,0.0,0.0,0.0,2020-01-31,0.0,0.0,26.820553,30.802498,Eastern Mediterranean,Asia
266,Finland,1.0,1.0,0.0,0.0,0.0,2020-01-31,0.0,0.0,61.92411,25.748151,European,Europe
267,France,6.0,0.0,0.0,0.0,0.0,2020-01-31,1.0,0.0,46.227638,2.213749,European,Europe
268,Germany,5.0,0.0,0.0,0.0,0.0,2020-01-31,1.0,0.0,51.165691,10.451526,European,Europe
269,India,1.0,0.0,0.0,0.0,0.0,2020-01-31,0.0,0.0,20.593684,78.96288,South East Asia,Asia
270,Italy,2.0,2.0,0.0,0.0,0.0,2020-01-31,2.0,0.0,41.87194,12.56738,European,Europe
271,Japan,14.0,0.0,0.0,0.0,0.0,2020-01-31,3.0,0.0,36.204824,138.252924,Western Pacific,Asia
272,Korea,11.0,0.0,0.0,0.0,0.0,2020-01-31,7.0,0.0,40.339852,127.510093,Western Pacific,Asia
273,Malaysia,8.0,0.0,0.0,0.0,0.0,2020-01-31,1.0,0.0,4.210484,101.975766,Western Pacific,Asia
274,Nepal,1.0,0.0,0.0,0.0,0.0,2020-01-31,0.0,0.0,28.394857,84.124008,South East Asia,Asia
275,Philippines,1.0,0.0,0.0,0.0,0.0,2020-01-31,0.0,0.0,12.879721,121.774017,Western Pacific,Asia
276,Russian,0.0,0.0,0.0,0.0,0.0,2020-01-31,0.0,0.0,61.52401,105.318756,European,Europe
277,Singapore,13.0,0.0,0.0,0.0,0.0,2020-01-31,3.0,0.0,1.352083,103.819836,Western Pacific,Asia
278,Spain,0.0,0.0,0.0,0.0,0.0,2020-01-31,0.0,0.0,40.463667,-3.74922,European,Europe
279,SriLanka,1.0,0.0,0.0,0.0,0.0,2020-01-31,0.0,0.0,7.873054,80.771797,South East Asia,Asia
280,Sweden,0.0,0.0,0.0,0.0,0.0,2020-01-31,0.0,0.0,60.128161,18.643501,European,Europe
281,Thailand,14.0,0.0,0.0,0.0,0.0,2020-01-31,0.0,0.0,15.870032,100.992541,South East Asia,Asia
282,UAE,4.0,4.0,0.0,0.0,0.0,2020-01-31,0.0,0.0,23.424076,53.847818,Eastern Mediterranean,Asia
283,UK,0.0,0.0,0.0,0.0,0.0,2020-01-31,0.0,0.0,55.378051,-3.435973,European,Europe
284,USA,6.0,0.0,0.0,0.0,0.0,2020-01-31,1.0,0.0,37.09024,-95.712891,The Americas,North America
285,VietNam,5.0,0.0,0.0,0.0,0.0,2020-01-31,3.0,0.0,14.058324,108.277199,Western Pacific,Asia
286,Australia,12.0,12.0,0.0,0.0,0.0,2020-02-01,3.0,0.0,-25.274398,133.775136,Western Pacific,Australia
287,Belgium,0.0,0.0,0.0,0.0,0.0,2020-02-01,0.0,0.0,50.640281,4.666715,European,Europe
288,Cambodia,1.0,1.0,0.0,0.0,0.0,2020-02-01,0.0,0.0,12.565679,104.990963,Western Pacific,Asia
289,Canada,4.0,3.0,0.0,0.0,0.0,2020-02-01,1.0,0.0,56.130366,-106.346771,The Americas,North America
290,China,11821.0,0.0,0.0,0.0,259.0,2020-02-01,2101.0,46.0,35.86166,104.195397,Western Pacific,Asia
291,Egypt,0.0,0.0,0.0,0.0,0.0,2020-02-01,0.0,0.0,26.820553,30.802498,Eastern Mediterranean,Asia
292,Finland,1.0,1.0,0.0,0.0,0.0,2020-02-01,0.0,0.0,61.92411,25.748151,European,Europe
293,France,6.0,5.0,0.0,0.0,0.0,2020-02-01,0.0,0.0,46.227638,2.213749,European,Europe
294,Germany,7.0,2.0,0.0,0.0,0.0,2020-02-01,2.0,0.0,51.165691,10.451526,European,Europe
295,India,1.0,1.0,0.0,0.0,0.0,2020-02-01,0.0,0.0,20.593684,78.96288,South East Asia,Asia
296,Italy,2.0,2.0,0.0,0.0,0.0,2020-02-01,0.0,0.0,41.87194,12.56738,European,Europe
297,Japan,17.0,17.0,0.0,0.0,0.0,2020-02-01,3.0,0.0,36.204824,138.252924,Western Pacific,Asia
298,Korea,12.0,8.0,0.0,0.0,0.0,2020-02-01,1.0,0.0,40.339852,127.510093,Western Pacific,Asia
299,Malaysia,8.0,1.0,0.0,0.0,0.0,2020-02-01,0.0,0.0,4.210484,101.975766,Western Pacific,Asia
300,Nepal,1.0,1.0,0.0,0.0,0.0,2020-02-01,0.0,0.0,28.394857,84.124008,South East Asia,Asia
301,Philippines,1.0,1.0,0.0,0.0,0.0,2020-02-01,0.0,0.0,12.879721,121.774017,Western Pacific,Asia
302,Russian,2.0,2.0,0.0,0.0,0.0,2020-02-01,2.0,0.0,61.52401,105.318756,European,Europe
303,Singapore,16.0,16.0,0.0,0.0,0.0,2020-02-01,3.0,0.0,1.352083,103.819836,Western Pacific,Asia
304,Spain,1.0,0.0,0.0,0.0,0.0,2020-02-01,1.0,0.0,40.463667,-3.74922,European,Europe
305,SriLanka,1.0,1.0,0.0,0.0,0.0,2020-02-01,0.0,0.0,7.873054,80.771797,South East Asia,Asia
306,Sweden,1.0,1.0,0.0,0.0,0.0,2020-02-01,1.0,0.0,60.128161,18.643501,European,Europe
307,Thailand,19.0,18.0,0.0,0.0,0.0,2020-02-01,5.0,0.0,15.870032,100.992541,South East Asia,Asia
308,UAE,4.0,4.0,0.0,0.0,0.0,2020-02-01,0.0,0.0,23.424076,53.847818,Eastern Mediterranean,Asia
309,UK,2.0,1.0,0.0,0.0,0.0,2020-02-01,2.0,0.0,55.378051,-3.435973,European,Europe
310,USA,7.0,8.0,0.0,0.0,0.0,2020-02-01,1.0,0.0,37.09024,-95.712891,The Americas,North America
311,VietNam,6.0,6.0,0.0,0.0,0.0,2020-02-01,1.0,0.0,14.058324,108.277199,Western Pacific,Asia
312,Australia,12.0,12.0,0.0,0.0,0.0,2020-02-02,0.0,0.0,-25.274398,133.775136,Western Pacific,Australia
313,Belgium,0.0,0.0,0.0,0.0,0.0,2020-02-02,0.0,0.0,50.640281,4.666715,European,Europe
314,Cambodia,1.0,1.0,0.0,0.0,0.0,2020-02-02,0.0,0.0,12.565679,104.990963,Western Pacific,Asia
315,Canada,4.0,3.0,0.0,0.0,0.0,2020-02-02,0.0,0.0,56.130366,-106.346771,The Americas,North America
316,China,14411.0,0.0,0.0,0.0,304.0,2020-02-02,2590.0,45.0,35.86166,104.195397,Western Pacific,Asia
317,Egypt,0.0,0.0,0.0,0.0,0.0,2020-02-02,0.0,0.0,26.820553,30.802498,Eastern Mediterranean,Asia
318,Finland,1.0,1.0,0.0,0.0,0.0,2020-02-02,0.0,0.0,61.92411,25.748151,European,Europe
319,France,6.0,5.0,0.0,0.0,0.0,2020-02-02,0.0,0.0,46.227638,2.213749,European,Europe
320,Germany,8.0,2.0,0.0,0.0,0.0,2020-02-02,1.0,0.0,51.165691,10.451526,European,Europe
321,India,2.0,2.0,0.0,0.0,0.0,2020-02-02,1.0,0.0,20.593684,78.96288,South East Asia,Asia
322,Italy,2.0,2.0,0.0,0.0,0.0,2020-02-02,0.0,0.0,41.87194,12.56738,European,Europe
323,Japan,20.0,17.0,0.0,0.0,0.0,2020-02-02,3.0,0.0,36.204824,138.252924,Western Pacific,Asia
324,Korea,15.0,8.0,0.0,0.0,0.0,2020-02-02,3.0,0.0,40.339852,127.510093,Western Pacific,Asia
325,Malaysia,8.0,1.0,0.0,0.0,0.0,2020-02-02,0.0,0.0,4.210484,101.975766,Western Pacific,Asia
326,Nepal,1.0,1.0,0.0,0.0,0.0,2020-02-02,0.0,0.0,28.394857,84.124008,South East Asia,Asia
327,Philippines,2.0,1.0,0.0,0.0,0.0,2020-02-02,1.0,0.0,12.879721,121.774017,Western Pacific,Asia
328,Russian,2.0,2.0,0.0,0.0,0.0,2020-02-02,0.0,0.0,61.52401,105.318756,European,Europe
329,Singapore,18.0,18.0,0.0,0.0,0.0,2020-02-02,2.0,0.0,1.352083,103.819836,Western Pacific,Asia
330,Spain,1.0,0.0,0.0,0.0,0.0,2020-02-02,0.0,0.0,40.463667,-3.74922,European,Europe
331,SriLanka,1.0,1.0,0.0,0.0,0.0,2020-02-02,0.0,0.0,7.873054,80.771797,South East Asia,Asia
332,Sweden,1.0,1.0,0.0,0.0,0.0,2020-02-02,0.0,0.0,60.128161,18.643501,European,Europe
333,Thailand,19.0,18.0,0.0,0.0,0.0,2020-02-02,0.0,0.0,15.870032,100.992541,South East Asia,Asia
334,UAE,5.0,5.0,0.0,0.0,0.0,2020-02-02,1.0,0.0,23.424076,53.847818,Eastern Mediterranean,Asia
335,UK,2.0,1.0,0.0,0.0,0.0,2020-02-02,0.0,0.0,55.378051,-3.435973,European,Europe
336,USA,8.0,8.0,0.0,0.0,0.0,2020-02-02,1.0,0.0,37.09024,-95.712891,The Americas,North America
337,VietNam,7.0,6.0,0.0,0.0,0.0,2020-02-02,1.0,0.0,14.058324,108.277199,Western Pacific,Asia
338,Australia,12.0,12.0,0.0,0.0,0.0,2020-02-03,0.0,0.0,-25.274398,133.775136,Western Pacific,Australia
339,Belgium,0.0,0.0,0.0,0.0,0.0,2020-02-03,0.0,0.0,50.640281,4.666715,European,Europe
340,Cambodia,1.0,1.0,0.0,0.0,0.0,2020-02-03,0.0,0.0,12.565679,104.990963,Western Pacific,Asia
341,Canada,4.0,3.0,0.0,1.0,0.0,2020-02-03,0.0,0.0,56.130366,-106.346771,The Americas,North America
342,China,17238.0,0.0,0.0,0.0,361.0,2020-02-03,2827.0,57.0,35.86166,104.195397,Western Pacific,Asia
343,Egypt,0.0,0.0,0.0,0.0,0.0,2020-02-03,0.0,0.0,26.820553,30.802498,Eastern Mediterranean,Asia
344,Finland,1.0,1.0,0.0,0.0,0.0,2020-02-03,0.0,0.0,61.92411,25.748151,European,Europe
345,France,6.0,5.0,1.0,0.0,0.0,2020-02-03,0.0,0.0,46.227638,2.213749,European,Europe
346,Germany,10.0,2.0,8.0,0.0,0.0,2020-02-03,2.0,0.0,51.165691,10.451526,European,Europe
347,India,3.0,3.0,0.0,0.0,0.0,2020-02-03,1.0,0.0,20.593684,78.96288,South East Asia,Asia
348,Italy,2.0,2.0,0.0,0.0,0.0,2020-02-03,0.0,0.0,41.87194,12.56738,European,Europe
349,Japan,20.0,17.0,3.0,0.0,0.0,2020-02-03,0.0,0.0,36.204824,138.252924,Western Pacific,Asia
350,Korea,15.0,8.0,4.0,3.0,0.0,2020-02-03,0.0,0.0,40.339852,127.510093,Western Pacific,Asia
351,Malaysia,8.0,1.0,1.0,0.0,0.0,2020-02-03,0.0,0.0,4.210484,101.975766,Western Pacific,Asia
352,Nepal,1.0,1.0,0.0,0.0,0.0,2020-02-03,0.0,0.0,28.394857,84.124008,South East Asia,Asia
353,Philippines,2.0,1.0,0.0,1.0,1.0,2020-02-03,0.0,1.0,12.879721,121.774017,Western Pacific,Asia
354,Russian,2.0,2.0,0.0,0.0,0.0,2020-02-03,0.0,0.0,61.52401,105.318756,European,Europe
355,Singapore,18.0,18.0,0.0,0.0,0.0,2020-02-03,0.0,0.0,1.352083,103.819836,Western Pacific,Asia
356,Spain,1.0,0.0,1.0,0.0,0.0,2020-02-03,0.0,0.0,40.463667,-3.74922,European,Europe
357,SriLanka,1.0,1.0,0.0,0.0,0.0,2020-02-03,0.0,0.0,7.873054,80.771797,South East Asia,Asia
358,Sweden,1.0,1.0,0.0,0.0,0.0,2020-02-03,0.0,0.0,60.128161,18.643501,European,Europe
359,Thailand,19.0,18.0,1.0,0.0,0.0,2020-02-03,0.0,0.0,15.870032,100.992541,South East Asia,Asia
360,UAE,5.0,5.0,0.0,0.0,0.0,2020-02-03,0.0,0.0,23.424076,53.847818,Eastern Mediterranean,Asia
361,UK,2.0,1.0,1.0,0.0,0.0,2020-02-03,0.0,0.0,55.378051,-3.435973,European,Europe
362,USA,11.0,8.0,2.0,1.0,0.0,2020-02-03,3.0,0.0,37.09024,-95.712891,The Americas,North America
363,VietNam,8.0,6.0,2.0,0.0,0.0,2020-02-03,1.0,0.0,14.058324,108.277199,Western Pacific,Asia
364,Australia,12.0,12.0,0.0,0.0,0.0,2020-02-04,0.0,0.0,-25.274398,133.775136,Western Pacific,Australia
365,Belgium,0.0,0.0,0.0,0.0,0.0,2020-02-04,0.0,0.0,50.640281,4.666715,European,Europe
366,Cambodia,1.0,1.0,0.0,0.0,0.0,2020-02-04,0.0,0.0,12.565679,104.990963,Western Pacific,Asia
367,Canada,4.0,3.0,0.0,1.0,0.0,2020-02-04,0.0,0.0,56.130366,-106.346771,The Americas,North America
368,China,20471.0,0.0,0.0,0.0,425.0,2020-02-04,3233.0,64.0,35.86166,104.195397,Western Pacific,Asia
369,Egypt,0.0,0.0,0.0,0.0,0.0,2020-02-04,0.0,0.0,26.820553,30.802498,Eastern Mediterranean,Asia
370,Finland,1.0,1.0,0.0,0.0,0.0,2020-02-04,0.0,0.0,61.92411,25.748151,European,Europe
371,France,6.0,5.0,1.0,0.0,0.0,2020-02-04,0.0,0.0,46.227638,2.213749,European,Europe
372,Germany,12.0,2.0,0.0,0.0,0.0,2020-02-04,2.0,0.0,51.165691,10.451526,European,Europe
373,India,3.0,3.0,0.0,0.0,0.0,2020-02-04,0.0,0.0,20.593684,78.96288,South East Asia,Asia
374,Italy,2.0,2.0,0.0,0.0,0.0,2020-02-04,0.0,0.0,41.87194,12.56738,European,Europe
375,Japan,20.0,17.0,3.0,0.0,0.0,2020-02-04,0.0,0.0,36.204824,138.252924,Western Pacific,Asia
376,Korea,16.0,8.0,5.0,3.0,0.0,2020-02-04,1.0,0.0,40.339852,127.510093,Western Pacific,Asia
377,Malaysia,10.0,7.0,2.0,1.0,0.0,2020-02-04,2.0,0.0,4.210484,101.975766,Western Pacific,Asia
378,Nepal,1.0,1.0,0.0,0.0,0.0,2020-02-04,0.0,0.0,28.394857,84.124008,South East Asia,Asia
379,Philippines,2.0,1.0,0.0,1.0,1.0,2020-02-04,0.0,0.0,12.879721,121.774017,Western Pacific,Asia
380,Russian,2.0,2.0,0.0,0.0,0.0,2020-02-04,0.0,0.0,61.52401,105.318756,European,Europe
381,Singapore,18.0,18.0,0.0,0.0,0.0,2020-02-04,0.0,0.0,1.352083,103.819836,Western Pacific,Asia
382,Spain,1.0,0.0,0.0,0.0,0.0,2020-02-04,0.0,0.0,40.463667,-3.74922,European,Europe
383,SriLanka,1.0,1.0,0.0,0.0,0.0,2020-02-04,0.0,0.0,7.873054,80.771797,South East Asia,Asia
384,Sweden,1.0,1.0,0.0,0.0,0.0,2020-02-04,0.0,0.0,60.128161,18.643501,European,Europe
385,Thailand,19.0,18.0,1.0,0.0,0.0,2020-02-04,0.0,0.0,15.870032,100.992541,South East Asia,Asia
386,UAE,5.0,5.0,0.0,0.0,0.0,2020-02-04,0.0,0.0,23.424076,53.847818,Eastern Mediterranean,Asia
387,UK,2.0,1.0,0.0,0.0,0.0,2020-02-04,0.0,0.0,55.378051,-3.435973,European,Europe
388,USA,11.0,8.0,2.0,1.0,0.0,2020-02-04,0.0,0.0,37.09024,-95.712891,The Americas,North America
389,VietNam,9.0,6.0,2.0,0.0,0.0,2020-02-04,1.0,0.0,14.058324,108.277199,Western Pacific,Asia
390,Australia,13.0,13.0,0.0,0.0,0.0,2020-02-05,1.0,0.0,-25.274398,133.775136,Western Pacific,Australia
391,Belgium,1.0,1.0,0.0,0.0,0.0,2020-02-05,1.0,0.0,50.640281,4.666715,European,Europe
392,Cambodia,1.0,1.0,0.0,0.0,0.0,2020-02-05,0.0,0.0,12.565679,104.990963,Western Pacific,Asia
393,Canada,5.0,3.0,1.0,1.0,0.0,2020-02-05,1.0,0.0,56.130366,-106.346771,The Americas,North America
394,China,24363.0,0.0,0.0,0.0,491.0,2020-02-05,3892.0,66.0,35.86166,104.195397,Western Pacific,Asia
395,Egypt,0.0,0.0,0.0,0.0,0.0,2020-02-05,0.0,0.0,26.820553,30.802498,Eastern Mediterranean,Asia
396,Finland,1.0,1.0,0.0,0.0,0.0,2020-02-05,0.0,0.0,61.92411,25.748151,European,Europe
397,France,6.0,5.0,1.0,0.0,0.0,2020-02-05,0.0,0.0,46.227638,2.213749,European,Europe
398,Germany,12.0,2.0,10.0,0.0,0.0,2020-02-05,0.0,0.0,51.165691,10.451526,European,Europe
399,India,3.0,3.0,0.0,0.0,0.0,2020-02-05,0.0,0.0,20.593684,78.96288,South East Asia,Asia
400,Italy,2.0,2.0,0.0,0.0,0.0,2020-02-05,0.0,0.0,41.87194,12.56738,European,Europe
401,Japan,20.0,17.0,3.0,0.0,0.0,2020-02-05,0.0,0.0,36.204824,138.252924,Western Pacific,Asia
402,Korea,18.0,8.0,7.0,3.0,0.0,2020-02-05,2.0,0.0,40.339852,127.510093,Western Pacific,Asia
403,Malaysia,10.0,7.0,2.0,0.0,0.0,2020-02-05,0.0,0.0,4.210484,101.975766,Western Pacific,Asia
404,Nepal,1.0,1.0,0.0,0.0,0.0,2020-02-05,0.0,0.0,28.394857,84.124008,South East Asia,Asia
405,Philippines,3.0,2.0,0.0,1.0,1.0,2020-02-05,1.0,0.0,12.879721,121.774017,Western Pacific,Asia
406,Russian,2.0,2.0,0.0,0.0,0.0,2020-02-05,0.0,0.0,61.52401,105.318756,European,Europe
407,Singapore,24.0,20.0,4.0,0.0,0.0,2020-02-05,6.0,0.0,1.352083,103.819836,Western Pacific,Asia
408,Spain,1.0,0.0,1.0,0.0,0.0,2020-02-05,0.0,0.0,40.463667,-3.74922,European,Europe
409,SriLanka,1.0,1.0,0.0,0.0,0.0,2020-02-05,0.0,0.0,7.873054,80.771797,South East Asia,Asia
410,Sweden,1.0,1.0,0.0,0.0,0.0,2020-02-05,0.0,0.0,60.128161,18.643501,European,Europe
411,Thailand,25.0,20.0,5.0,0.0,0.0,2020-02-05,6.0,0.0,15.870032,100.992541,South East Asia,Asia
412,UAE,5.0,5.0,0.0,0.0,0.0,2020-02-05,0.0,0.0,23.424076,53.847818,Eastern Mediterranean,Asia
413,UK,2.0,1.0,1.0,0.0,0.0,2020-02-05,0.0,0.0,55.378051,-3.435973,European,Europe
414,USA,11.0,8.0,2.0,1.0,0.0,2020-02-05,0.0,0.0,37.09024,-95.712891,The Americas,North America
415,VietNam,10.0,7.0,3.0,0.0,0.0,2020-02-05,1.0,0.0,14.058324,108.277199,Western Pacific,Asia
416,Australia,14.0,14.0,0.0,0.0,0.0,2020-02-06,1.0,0.0,-25.274398,133.775136,Western Pacific,Australia
417,Belgium,1.0,1.0,0.0,0.0,0.0,2020-02-06,0.0,0.0,50.640281,4.666715,European,Europe
418,Cambodia,1.0,1.0,0.0,0.0,0.0,2020-02-06,0.0,0.0,12.565679,104.990963,Western Pacific,Asia
419,Canada,5.0,3.0,0.0,2.0,0.0,2020-02-06,0.0,0.0,56.130366,-106.346771,The Americas,North America
420,China,28060.0,0.0,0.0,0.0,564.0,2020-02-06,3697.0,73.0,35.86166,104.195397,Western Pacific,Asia
421,Egypt,0.0,0.0,0.0,0.0,0.0,2020-02-06,0.0,0.0,26.820553,30.802498,Eastern Mediterranean,Asia
422,Finland,1.0,1.0,0.0,0.0,0.0,2020-02-06,0.0,0.0,61.92411,25.748151,European,Europe
423,France,6.0,5.0,1.0,0.0,0.0,2020-02-06,0.0,0.0,46.227638,2.213749,European,Europe
424,Germany,12.0,2.0,10.0,0.0,0.0,2020-02-06,0.0,0.0,51.165691,10.451526,European,Europe
425,India,3.0,3.0,0.0,0.0,0.0,2020-02-06,0.0,0.0,20.593684,78.96288,South East Asia,Asia
426,Italy,2.0,2.0,0.0,0.0,0.0,2020-02-06,0.0,0.0,41.87194,12.56738,European,Europe
427,Japan,25.0,21.0,4.0,0.0,0.0,2020-02-06,5.0,0.0,36.204824,138.252924,Western Pacific,Asia
428,Korea,23.0,10.0,11.0,2.0,0.0,2020-02-06,5.0,0.0,40.339852,127.510093,Western Pacific,Asia
429,Malaysia,12.0,9.0,2.0,1.0,0.0,2020-02-06,2.0,0.0,4.210484,101.975766,Western Pacific,Asia
430,Nepal,1.0,1.0,0.0,0.0,0.0,2020-02-06,0.0,0.0,28.394857,84.124008,South East Asia,Asia
431,Philippines,3.0,2.0,0.0,1.0,1.0,2020-02-06,0.0,0.0,12.879721,121.774017,Western Pacific,Asia
432,Russian,2.0,2.0,0.0,0.0,0.0,2020-02-06,0.0,0.0,61.52401,105.318756,European,Europe
433,Singapore,28.0,21.0,7.0,0.0,0.0,2020-02-06,4.0,0.0,1.352083,103.819836,Western Pacific,Asia
434,Spain,1.0,0.0,1.0,0.0,0.0,2020-02-06,0.0,0.0,40.463667,-3.74922,European,Europe
435,SriLanka,1.0,1.0,0.0,0.0,0.0,2020-02-06,0.0,0.0,7.873054,80.771797,South East Asia,Asia
436,Sweden,1.0,1.0,0.0,0.0,0.0,2020-02-06,0.0,0.0,60.128161,18.643501,European,Europe
437,Thailand,25.0,21.0,4.0,0.0,0.0,2020-02-06,0.0,0.0,15.870032,100.992541,South East Asia,Asia
438,UAE,5.0,5.0,0.0,0.0,0.0,2020-02-06,0.0,0.0,23.424076,53.847818,Eastern Mediterranean,Asia
439,UK,2.0,1.0,1.0,0.0,0.0,2020-02-06,0.0,0.0,55.378051,-3.435973,European,Europe
440,USA,12.0,10.0,2.0,0.0,0.0,2020-02-06,1.0,0.0,37.09024,-95.712891,The Americas,North America
441,VietNam,10.0,7.0,3.0,0.0,0.0,2020-02-06,0.0,0.0,14.058324,108.277199,Western Pacific,Asia
442,Australia,15.0,15.0,0.0,0.0,0.0,2020-02-07,1.0,0.0,-25.274398,133.775136,Western Pacific,Australia
443,Belgium,1.0,1.0,0.0,0.0,0.0,2020-02-07,0.0,0.0,50.640281,4.666715,European,Europe
444,Cambodia,1.0,1.0,0.0,0.0,0.0,2020-02-07,0.0,0.0,12.565679,104.990963,Western Pacific,Asia
445,Canada,7.0,6.0,0.0,1.0,0.0,2020-02-07,2.0,0.0,56.130366,-106.346771,The Americas,North America
446,China,31211.0,0.0,0.0,0.0,637.0,2020-02-07,3151.0,73.0,35.86166,104.195397,Western Pacific,Asia
447,Egypt,0.0,0.0,0.0,0.0,0.0,2020-02-07,0.0,0.0,26.820553,30.802498,Eastern Mediterranean,Asia
448,Finland,1.0,1.0,0.0,0.0,0.0,2020-02-07,0.0,0.0,61.92411,25.748151,European,Europe
449,France,6.0,5.0,1.0,0.0,0.0,2020-02-07,0.0,0.0,46.227638,2.213749,European,Europe
450,Germany,13.0,2.0,11.0,0.0,0.0,2020-02-07,1.0,0.0,51.165691,10.451526,European,Europe
451,India,3.0,3.0,0.0,0.0,0.0,2020-02-07,0.0,0.0,20.593684,78.96288,South East Asia,Asia
452,Italy,3.0,3.0,0.0,0.0,0.0,2020-02-07,1.0,0.0,41.87194,12.56738,European,Europe
453,Japan,25.0,21.0,4.0,0.0,0.0,2020-02-07,0.0,0.0,36.204824,138.252924,Western Pacific,Asia
454,Korea,24.0,11.0,11.0,2.0,0.0,2020-02-07,1.0,0.0,40.339852,127.510093,Western Pacific,Asia
455,Malaysia,14.0,9.0,4.0,1.0,0.0,2020-02-07,2.0,0.0,4.210484,101.975766,Western Pacific,Asia
456,Nepal,1.0,1.0,0.0,0.0,0.0,2020-02-07,0.0,0.0,28.394857,84.124008,South East Asia,Asia
457,Philippines,3.0,2.0,0.0,1.0,1.0,2020-02-07,0.0,0.0,12.879721,121.774017,Western Pacific,Asia
458,Russian,2.0,2.0,0.0,0.0,0.0,2020-02-07,0.0,0.0,61.52401,105.318756,European,Europe
459,Singapore,30.0,21.0,9.0,0.0,0.0,2020-02-07,2.0,0.0,1.352083,103.819836,Western Pacific,Asia
460,Spain,1.0,0.0,1.0,0.0,0.0,2020-02-07,0.0,0.0,40.463667,-3.74922,European,Europe
461,SriLanka,1.0,1.0,0.0,0.0,0.0,2020-02-07,0.0,0.0,7.873054,80.771797,South East Asia,Asia
462,Sweden,1.0,1.0,0.0,0.0,0.0,2020-02-07,0.0,0.0,60.128161,18.643501,European,Europe
463,Thailand,25.0,21.0,4.0,0.0,0.0,2020-02-07,0.0,0.0,15.870032,100.992541,South East Asia,Asia
464,UAE,5.0,5.0,0.0,0.0,0.0,2020-02-07,0.0,0.0,23.424076,53.847818,Eastern Mediterranean,Asia
465,UK,3.0,1.0,2.0,0.0,0.0,2020-02-07,1.0,0.0,55.378051,-3.435973,European,Europe
466,USA,12.0,10.0,2.0,0.0,0.0,2020-02-07,0.0,0.0,37.09024,-95.712891,The Americas,North America
467,VietNam,12.0,7.0,5.0,0.0,0.0,2020-02-07,2.0,0.0,14.058324,108.277199,Western Pacific,Asia
468,Australia,15.0,15.0,0.0,0.0,0.0,2020-02-08,0.0,0.0,-25.274398,133.775136,Western Pacific,Australia
469,Belgium,1.0,1.0,0.0,0.0,0.0,2020-02-08,0.0,0.0,50.640281,4.666715,European,Europe
470,Cambodia,1.0,1.0,0.0,0.0,0.0,2020-02-08,0.0,0.0,12.565679,104.990963,Western Pacific,Asia
471,Canada,7.0,6.0,0.0,1.0,0.0,2020-02-08,0.0,0.0,56.130366,-106.346771,The Americas,North America
472,China,34598.0,0.0,0.0,0.0,723.0,2020-02-08,3387.0,86.0,35.86166,104.195397,Western Pacific,Asia
473,Egypt,0.0,0.0,0.0,0.0,0.0,2020-02-08,0.0,0.0,26.820553,30.802498,Eastern Mediterranean,Asia
474,Finland,1.0,1.0,0.0,0.0,0.0,2020-02-08,0.0,0.0,61.92411,25.748151,European,Europe
475,France,6.0,5.0,1.0,0.0,0.0,2020-02-08,0.0,0.0,46.227638,2.213749,European,Europe
476,Germany,14.0,3.0,11.0,0.0,0.0,2020-02-08,1.0,0.0,51.165691,10.451526,European,Europe
477,India,3.0,3.0,0.0,0.0,0.0,2020-02-08,0.0,0.0,20.593684,78.96288,South East Asia,Asia
478,Italy,3.0,3.0,0.0,0.0,0.0,2020-02-08,0.0,0.0,41.87194,12.56738,European,Europe
479,Japan,25.0,21.0,4.0,0.0,0.0,2020-02-08,0.0,0.0,36.204824,138.252924,Western Pacific,Asia
480,Korea,24.0,11.0,11.0,2.0,0.0,2020-02-08,0.0,0.0,40.339852,127.510093,Western Pacific,Asia
481,Malaysia,15.0,9.0,4.0,2.0,0.0,2020-02-08,1.0,0.0,4.210484,101.975766,Western Pacific,Asia
482,Nepal,1.0,1.0,0.0,0.0,0.0,2020-02-08,0.0,0.0,28.394857,84.124008,South East Asia,Asia
483,Philippines,3.0,2.0,0.0,1.0,1.0,2020-02-08,0.0,0.0,12.879721,121.774017,Western Pacific,Asia
484,Russian,2.0,2.0,0.0,0.0,0.0,2020-02-08,0.0,0.0,61.52401,105.318756,European,Europe
485,Singapore,33.0,21.0,12.0,0.0,0.0,2020-02-08,3.0,0.0,1.352083,103.819836,Western Pacific,Asia
486,Spain,1.0,0.0,1.0,0.0,0.0,2020-02-08,0.0,0.0,40.463667,-3.74922,European,Europe
487,SriLanka,1.0,1.0,0.0,0.0,0.0,2020-02-08,0.0,0.0,7.873054,80.771797,South East Asia,Asia
488,Sweden,1.0,1.0,0.0,0.0,0.0,2020-02-08,0.0,0.0,60.128161,18.643501,European,Europe
489,Thailand,32.0,22.0,6.0,4.0,0.0,2020-02-08,7.0,0.0,15.870032,100.992541,South East Asia,Asia
490,UAE,7.0,5.0,0.0,2.0,0.0,2020-02-08,2.0,0.0,23.424076,53.847818,Eastern Mediterranean,Asia
491,UK,3.0,1.0,2.0,0.0,0.0,2020-02-08,0.0,0.0,55.378051,-3.435973,European,Europe
492,USA,12.0,10.0,2.0,0.0,0.0,2020-02-08,0.0,0.0,37.09024,-95.712891,The Americas,North America
493,VietNam,13.0,8.0,5.0,0.0,0.0,2020-02-08,1.0,0.0,14.058324,108.277199,Western Pacific,Asia
494,Australia,15.0,15.0,0.0,0.0,0.0,2020-02-09,0.0,0.0,-25.274398,133.775136,Western Pacific,Australia
495,Belgium,1.0,1.0,0.0,0.0,0.0,2020-02-09,0.0,0.0,50.640281,4.666715,European,Europe
496,Cambodia,1.0,1.0,0.0,0.0,0.0,2020-02-09,0.0,0.0,12.565679,104.990963,Western Pacific,Asia
497,Canada,7.0,6.0,0.0,1.0,0.0,2020-02-09,0.0,0.0,56.130366,-106.346771,The Americas,North America
498,China,37251.0,0.0,0.0,0.0,812.0,2020-02-09,2653.0,89.0,35.86166,104.195397,Western Pacific,Asia
499,Egypt,0.0,0.0,0.0,0.0,0.0,2020-02-09,0.0,0.0,26.820553,30.802498,Eastern Mediterranean,Asia
500,Finland,1.0,1.0,0.0,0.0,0.0,2020-02-09,0.0,0.0,61.92411,25.748151,European,Europe
501,France,11.0,5.0,6.0,0.0,0.0,2020-02-09,5.0,0.0,46.227638,2.213749,European,Europe
502,Germany,14.0,2.0,12.0,0.0,0.0,2020-02-09,0.0,0.0,51.165691,10.451526,European,Europe
503,India,3.0,3.0,0.0,0.0,0.0,2020-02-09,0.0,0.0,20.593684,78.96288,South East Asia,Asia
504,Italy,3.0,3.0,0.0,0.0,0.0,2020-02-09,0.0,0.0,41.87194,12.56738,European,Europe
505,Japan,26.0,22.0,4.0,0.0,0.0,2020-02-09,1.0,0.0,36.204824,138.252924,Western Pacific,Asia
506,Korea,27.0,13.0,12.0,2.0,0.0,2020-02-09,3.0,0.0,40.339852,127.510093,Western Pacific,Asia
507,Malaysia,17.0,9.0,4.0,4.0,0.0,2020-02-09,2.0,0.0,4.210484,101.975766,Western Pacific,Asia
508,Nepal,1.0,1.0,0.0,0.0,0.0,2020-02-09,0.0,0.0,28.394857,84.124008,South East Asia,Asia
509,Philippines,3.0,2.0,0.0,1.0,1.0,2020-02-09,0.0,0.0,12.879721,121.774017,Western Pacific,Asia
510,Russian,2.0,2.0,0.0,0.0,0.0,2020-02-09,0.0,0.0,61.52401,105.318756,European,Europe
511,Singapore,40.0,21.0,19.0,0.0,0.0,2020-02-09,7.0,0.0,1.352083,103.819836,Western Pacific,Asia
512,Spain,1.0,0.0,1.0,0.0,0.0,2020-02-09,0.0,0.0,40.463667,-3.74922,European,Europe
513,SriLanka,1.0,1.0,0.0,0.0,0.0,2020-02-09,0.0,0.0,7.873054,80.771797,South East Asia,Asia
514,Sweden,1.0,1.0,0.0,0.0,0.0,2020-02-09,0.0,0.0,60.128161,18.643501,European,Europe
515,Thailand,32.0,22.0,6.0,4.0,0.0,2020-02-09,0.0,0.0,15.870032,100.992541,South East Asia,Asia
516,UAE,7.0,5.0,1.0,1.0,0.0,2020-02-09,0.0,0.0,23.424076,53.847818,Eastern Mediterranean,Asia
517,UK,3.0,1.0,2.0,0.0,0.0,2020-02-09,0.0,0.0,55.378051,-3.435973,European,Europe
518,USA,12.0,10.0,2.0,0.0,0.0,2020-02-09,0.0,0.0,37.09024,-95.712891,The Americas,North America
519,VietNam,14.0,8.0,6.0,0.0,0.0,2020-02-09,1.0,0.0,14.058324,108.277199,Western Pacific,Asia
520,Australia,15.0,15.0,0.0,0.0,0.0,2020-02-10,0.0,0.0,-25.274398,133.775136,Western Pacific,Australia
521,Belgium,1.0,1.0,0.0,0.0,0.0,2020-02-10,0.0,0.0,50.640281,4.666715,European,Europe
522,Cambodia,1.0,1.0,0.0,0.0,0.0,2020-02-10,0.0,0.0,12.565679,104.990963,Western Pacific,Asia
523,Canada,7.0,6.0,0.0,1.0,0.0,2020-02-10,0.0,0.0,56.130366,-106.346771,The Americas,North America
524,China,40235.0,0.0,0.0,0.0,909.0,2020-02-10,2984.0,97.0,35.86166,104.195397,Western Pacific,Asia
525,Egypt,0.0,0.0,0.0,0.0,0.0,2020-02-10,0.0,0.0,26.820553,30.802498,Eastern Mediterranean,Asia
526,Finland,1.0,1.0,0.0,0.0,0.0,2020-02-10,0.0,0.0,61.92411,25.748151,European,Europe
527,France,11.0,5.0,6.0,0.0,0.0,2020-02-10,0.0,0.0,46.227638,2.213749,European,Europe
528,Germany,14.0,2.0,12.0,0.0,0.0,2020-02-10,0.0,0.0,51.165691,10.451526,European,Europe
529,India,3.0,3.0,0.0,0.0,0.0,2020-02-10,0.0,0.0,20.593684,78.96288,South East Asia,Asia
530,Italy,3.0,3.0,0.0,0.0,0.0,2020-02-10,0.0,0.0,41.87194,12.56738,European,Europe
531,Japan,26.0,22.0,4.0,0.0,0.0,2020-02-10,0.0,0.0,36.204824,138.252924,Western Pacific,Asia
532,Korea,27.0,13.0,12.0,2.0,0.0,2020-02-10,0.0,0.0,40.339852,127.510093,Western Pacific,Asia
533,Malaysia,18.0,10.0,4.0,4.0,0.0,2020-02-10,1.0,0.0,4.210484,101.975766,Western Pacific,Asia
534,Nepal,1.0,1.0,0.0,0.0,0.0,2020-02-10,0.0,0.0,28.394857,84.124008,South East Asia,Asia
535,Philippines,3.0,2.0,0.0,1.0,1.0,2020-02-10,0.0,0.0,12.879721,121.774017,Western Pacific,Asia
536,Russian,2.0,2.0,0.0,0.0,0.0,2020-02-10,0.0,0.0,61.52401,105.318756,European,Europe
537,Singapore,43.0,21.0,22.0,0.0,0.0,2020-02-10,3.0,0.0,1.352083,103.819836,Western Pacific,Asia
538,Spain,2.0,0.0,2.0,0.0,0.0,2020-02-10,1.0,0.0,40.463667,-3.74922,European,Europe
539,SriLanka,1.0,1.0,0.0,0.0,0.0,2020-02-10,0.0,0.0,7.873054,80.771797,South East Asia,Asia
540,Sweden,1.0,1.0,0.0,0.0,0.0,2020-02-10,0.0,0.0,60.128161,18.643501,European,Europe
541,Thailand,32.0,22.0,6.0,4.0,0.0,2020-02-10,0.0,0.0,15.870032,100.992541,South East Asia,Asia
542,UAE,8.0,10.0,2.0,0.0,0.0,2020-02-10,1.0,0.0,23.424076,53.847818,Eastern Mediterranean,Asia
543,UK,4.0,1.0,3.0,0.0,0.0,2020-02-10,1.0,0.0,55.378051,-3.435973,European,Europe
544,USA,12.0,10.0,2.0,0.0,0.0,2020-02-10,0.0,0.0,37.09024,-95.712891,The Americas,North America
545,VietNam,14.0,8.0,6.0,0.0,0.0,2020-02-10,0.0,0.0,14.058324,108.277199,Western Pacific,Asia
546,Australia,15.0,15.0,0.0,0.0,0.0,2020-02-11,0.0,0.0,-25.274398,133.775136,Western Pacific,Australia
547,Belgium,1.0,1.0,0.0,0.0,0.0,2020-02-11,0.0,0.0,50.640281,4.666715,European,Europe
548,Cambodia,1.0,1.0,0.0,0.0,0.0,2020-02-11,0.0,0.0,12.565679,104.990963,Western Pacific,Asia
549,Canada,7.0,6.0,0.0,1.0,0.0,2020-02-11,0.0,0.0,56.130366,-106.346771,The Americas,North America
550,China,42708.0,0.0,0.0,0.0,1017.0,2020-02-11,2473.0,108.0,35.86166,104.195397,Western Pacific,Asia
551,Egypt,0.0,0.0,0.0,0.0,0.0,2020-02-11,0.0,0.0,26.820553,30.802498,Eastern Mediterranean,Asia
552,Finland,1.0,1.0,0.0,0.0,0.0,2020-02-11,0.0,0.0,61.92411,25.748151,European,Europe
553,France,11.0,5.0,6.0,0.0,0.0,2020-02-11,0.0,0.0,46.227638,2.213749,European,Europe
554,Germany,14.0,2.0,12.0,0.0,0.0,2020-02-11,0.0,0.0,51.165691,10.451526,European,Europe
555,India,3.0,3.0,0.0,0.0,0.0,2020-02-11,0.0,0.0,20.593684,78.96288,South East Asia,Asia
556,Italy,3.0,3.0,0.0,0.0,0.0,2020-02-11,0.0,0.0,41.87194,12.56738,European,Europe
557,Japan,26.0,22.0,4.0,0.0,0.0,2020-02-11,0.0,0.0,36.204824,138.252924,Western Pacific,Asia
558,Korea,28.0,13.0,12.0,3.0,0.0,2020-02-11,1.0,0.0,40.339852,127.510093,Western Pacific,Asia
559,Malaysia,18.0,15.0,3.0,0.0,0.0,2020-02-11,0.0,0.0,4.210484,101.975766,Western Pacific,Asia
560,Nepal,1.0,1.0,0.0,0.0,0.0,2020-02-11,0.0,0.0,28.394857,84.124008,South East Asia,Asia
561,Philippines,3.0,2.0,0.0,1.0,1.0,2020-02-11,0.0,0.0,12.879721,121.774017,Western Pacific,Asia
562,Russian,2.0,2.0,0.0,0.0,0.0,2020-02-11,0.0,0.0,61.52401,105.318756,European,Europe
563,Singapore,45.0,22.0,23.0,0.0,0.0,2020-02-11,2.0,0.0,1.352083,103.819836,Western Pacific,Asia
564,Spain,2.0,0.0,2.0,0.0,0.0,2020-02-11,0.0,0.0,40.463667,-3.74922,European,Europe
565,SriLanka,1.0,1.0,0.0,0.0,0.0,2020-02-11,0.0,0.0,7.873054,80.771797,South East Asia,Asia
566,Sweden,1.0,1.0,0.0,0.0,0.0,2020-02-11,0.0,0.0,60.128161,18.643501,European,Europe
567,Thailand,33.0,23.0,6.0,4.0,0.0,2020-02-11,1.0,0.0,15.870032,100.992541,South East Asia,Asia
568,UAE,8.0,6.0,1.0,1.0,0.0,2020-02-11,0.0,0.0,23.424076,53.847818,Eastern Mediterranean,Asia
569,UK,8.0,1.0,7.0,0.0,0.0,2020-02-11,4.0,0.0,55.378051,-3.435973,European,Europe
570,USA,13.0,11.0,2.0,0.0,0.0,2020-02-11,1.0,0.0,37.09024,-95.712891,The Americas,North America
571,VietNam,15.0,8.0,6.0,1.0,0.0,2020-02-11,1.0,0.0,14.058324,108.277199,Western Pacific,Asia
572,Australia,15.0,15.0,0.0,0.0,0.0,2020-02-12,0.0,0.0,-25.274398,133.775136,Western Pacific,Australia
573,Belgium,1.0,1.0,0.0,0.0,0.0,2020-02-12,0.0,0.0,50.640281,4.666715,European,Europe
574,Cambodia,1.0,1.0,0.0,0.0,0.0,2020-02-12,0.0,0.0,12.565679,104.990963,Western Pacific,Asia
575,Canada,7.0,6.0,0.0,1.0,0.0,2020-02-12,0.0,0.0,56.130366,-106.346771,The Americas,North America
576,China,45171.0,0.0,0.0,0.0,1113.0,2020-02-12,2463.0,96.0,35.86166,104.195397,Western Pacific,Asia
577,Egypt,0.0,0.0,0.0,0.0,0.0,2020-02-12,0.0,0.0,26.820553,30.802498,Eastern Mediterranean,Asia
578,Finland,1.0,1.0,0.0,0.0,0.0,2020-02-12,0.0,0.0,61.92411,25.748151,European,Europe
579,France,11.0,5.0,6.0,0.0,0.0,2020-02-12,0.0,0.0,46.227638,2.213749,European,Europe
580,Germany,16.0,2.0,14.0,0.0,0.0,2020-02-12,2.0,0.0,51.165691,10.451526,European,Europe
581,India,3.0,3.0,0.0,0.0,0.0,2020-02-12,0.0,0.0,20.593684,78.96288,South East Asia,Asia
582,Italy,3.0,3.0,0.0,0.0,0.0,2020-02-12,0.0,0.0,41.87194,12.56738,European,Europe
583,Japan,28.0,24.0,4.0,0.0,0.0,2020-02-12,2.0,0.0,36.204824,138.252924,Western Pacific,Asia
584,Korea,28.0,13.0,12.0,3.0,0.0,2020-02-12,0.0,0.0,40.339852,127.510093,Western Pacific,Asia
585,Malaysia,18.0,15.0,3.0,0.0,0.0,2020-02-12,0.0,0.0,4.210484,101.975766,Western Pacific,Asia
586,Nepal,1.0,1.0,0.0,0.0,0.0,2020-02-12,0.0,0.0,28.394857,84.124008,South East Asia,Asia
587,Philippines,3.0,2.0,0.0,1.0,1.0,2020-02-12,0.0,0.0,12.879721,121.774017,Western Pacific,Asia
588,Russian,2.0,2.0,0.0,0.0,0.0,2020-02-12,0.0,0.0,61.52401,105.318756,European,Europe
589,Singapore,47.0,22.0,25.0,0.0,0.0,2020-02-12,2.0,0.0,1.352083,103.819836,Western Pacific,Asia
590,Spain,2.0,0.0,2.0,0.0,0.0,2020-02-12,0.0,0.0,40.463667,-3.74922,European,Europe
591,SriLanka,1.0,1.0,0.0,0.0,0.0,2020-02-12,0.0,0.0,7.873054,80.771797,South East Asia,Asia
592,Sweden,1.0,1.0,0.0,0.0,0.0,2020-02-12,0.0,0.0,60.128161,18.643501,European,Europe
593,Thailand,33.0,23.0,6.0,4.0,0.0,2020-02-12,0.0,0.0,15.870032,100.992541,South East Asia,Asia
594,UAE,8.0,6.0,1.0,1.0,0.0,2020-02-12,0.0,0.0,23.424076,53.847818,Eastern Mediterranean,Asia
595,UK,8.0,1.0,7.0,0.0,0.0,2020-02-12,0.0,0.0,55.378051,-3.435973,European,Europe
596,USA,13.0,11.0,2.0,0.0,0.0,2020-02-12,0.0,0.0,37.09024,-95.712891,The Americas,North America
597,VietNam,15.0,8.0,7.0,0.0,0.0,2020-02-12,0.0,0.0,14.058324,108.277199,Western Pacific,Asia
598,Australia,15.0,15.0,0.0,0.0,0.0,2020-02-13,0.0,0.0,-25.274398,133.775136,Western Pacific,Australia
599,Belgium,1.0,1.0,0.0,0.0,0.0,2020-02-13,0.0,0.0,50.640281,4.666715,European,Europe
600,Cambodia,1.0,1.0,0.0,0.0,0.0,2020-02-13,0.0,0.0,12.565679,104.990963,Western Pacific,Asia
601,Canada,7.0,6.0,0.0,1.0,0.0,2020-02-13,0.0,0.0,56.130366,-106.346771,The Americas,North America
602,China,46550.0,0.0,0.0,0.0,1113.0,2020-02-13,1379.0,0.0,35.86166,104.195397,Western Pacific,Asia
603,Egypt,0.0,0.0,0.0,0.0,0.0,2020-02-13,0.0,0.0,26.820553,30.802498,Eastern Mediterranean,Asia
604,Finland,1.0,1.0,0.0,0.0,0.0,2020-02-13,0.0,0.0,61.92411,25.748151,European,Europe
605,France,11.0,5.0,6.0,0.0,0.0,2020-02-13,0.0,0.0,46.227638,2.213749,European,Europe
606,Germany,16.0,2.0,14.0,0.0,0.0,2020-02-13,0.0,0.0,51.165691,10.451526,European,Europe
607,India,3.0,3.0,0.0,0.0,0.0,2020-02-13,0.0,0.0,20.593684,78.96288,South East Asia,Asia
608,Italy,3.0,3.0,0.0,0.0,0.0,2020-02-13,0.0,0.0,41.87194,12.56738,European,Europe
609,Japan,29.0,24.0,5.0,0.0,0.0,2020-02-13,1.0,0.0,36.204824,138.252924,Western Pacific,Asia
610,Korea,28.0,13.0,12.0,3.0,0.0,2020-02-13,0.0,0.0,40.339852,127.510093,Western Pacific,Asia
611,Malaysia,18.0,15.0,3.0,0.0,0.0,2020-02-13,0.0,0.0,4.210484,101.975766,Western Pacific,Asia
612,Nepal,1.0,1.0,0.0,0.0,0.0,2020-02-13,0.0,0.0,28.394857,84.124008,South East Asia,Asia
613,Philippines,3.0,3.0,0.0,0.0,1.0,2020-02-13,0.0,0.0,12.879721,121.774017,Western Pacific,Asia
614,Russian,2.0,2.0,0.0,0.0,0.0,2020-02-13,0.0,0.0,61.52401,105.318756,European,Europe
615,Singapore,50.0,22.0,28.0,0.0,0.0,2020-02-13,3.0,0.0,1.352083,103.819836,Western Pacific,Asia
616,Spain,2.0,0.0,2.0,0.0,0.0,2020-02-13,0.0,0.0,40.463667,-3.74922,European,Europe
617,SriLanka,1.0,1.0,0.0,0.0,0.0,2020-02-13,0.0,0.0,7.873054,80.771797,South East Asia,Asia
618,Sweden,1.0,1.0,0.0,0.0,0.0,2020-02-13,0.0,0.0,60.128161,18.643501,European,Europe
619,Thailand,33.0,23.0,6.0,4.0,0.0,2020-02-13,0.0,0.0,15.870032,100.992541,South East Asia,Asia
620,UAE,8.0,6.0,1.0,1.0,0.0,2020-02-13,0.0,0.0,23.424076,53.847818,Eastern Mediterranean,Asia
621,UK,9.0,2.0,7.0,0.0,0.0,2020-02-13,1.0,0.0,55.378051,-3.435973,European,Europe
622,USA,14.0,12.0,2.0,0.0,0.0,2020-02-13,1.0,0.0,37.09024,-95.712891,The Americas,North America
623,VietNam,16.0,8.0,8.0,0.0,0.0,2020-02-13,1.0,0.0,14.058324,108.277199,Western Pacific,Asia
624,Australia,15.0,15.0,0.0,0.0,0.0,2020-02-14,0.0,0.0,-25.274398,133.775136,Western Pacific,Australia
625,Belgium,1.0,1.0,0.0,0.0,0.0,2020-02-14,0.0,0.0,50.640281,4.666715,European,Europe
626,Cambodia,1.0,1.0,0.0,0.0,0.0,2020-02-14,0.0,0.0,12.565679,104.990963,Western Pacific,Asia
627,Canada,7.0,6.0,0.0,1.0,0.0,2020-02-14,0.0,0.0,56.130366,-106.346771,The Americas,North America
628,China,48548.0,0.0,0.0,0.0,1381.0,2020-02-14,1998.0,268.0,35.86166,104.195397,Western Pacific,Asia
629,Egypt,0.0,0.0,0.0,0.0,0.0,2020-02-14,0.0,0.0,26.820553,30.802498,Eastern Mediterranean,Asia
630,Finland,1.0,1.0,0.0,0.0,0.0,2020-02-14,0.0,0.0,61.92411,25.748151,European,Europe
631,France,11.0,5.0,6.0,0.0,0.0,2020-02-14,0.0,0.0,46.227638,2.213749,European,Europe
632,Germany,16.0,2.0,14.0,0.0,0.0,2020-02-14,0.0,0.0,51.165691,10.451526,European,Europe
633,India,3.0,3.0,0.0,0.0,0.0,2020-02-14,0.0,0.0,20.593684,78.96288,South East Asia,Asia
634,Italy,3.0,3.0,0.0,0.0,0.0,2020-02-14,0.0,0.0,41.87194,12.56738,European,Europe
635,Japan,33.0,24.0,9.0,0.0,0.0,2020-02-14,4.0,0.0,36.204824,138.252924,Western Pacific,Asia
636,Korea,28.0,13.0,12.0,3.0,0.0,2020-02-14,0.0,0.0,40.339852,127.510093,Western Pacific,Asia
637,Malaysia,19.0,15.0,4.0,0.0,0.0,2020-02-14,1.0,0.0,4.210484,101.975766,Western Pacific,Asia
638,Nepal,1.0,1.0,0.0,0.0,0.0,2020-02-14,0.0,0.0,28.394857,84.124008,South East Asia,Asia
639,Philippines,3.0,3.0,0.0,0.0,1.0,2020-02-14,0.0,0.0,12.879721,121.774017,Western Pacific,Asia
640,Russian,2.0,2.0,0.0,0.0,0.0,2020-02-14,0.0,0.0,61.52401,105.318756,European,Europe
641,Singapore,58.0,22.0,36.0,0.0,0.0,2020-02-14,8.0,0.0,1.352083,103.819836,Western Pacific,Asia
642,Spain,2.0,0.0,2.0,0.0,0.0,2020-02-14,0.0,0.0,40.463667,-3.74922,European,Europe
643,SriLanka,1.0,1.0,0.0,0.0,0.0,2020-02-14,0.0,0.0,7.873054,80.771797,South East Asia,Asia
644,Sweden,1.0,1.0,0.0,0.0,0.0,2020-02-14,0.0,0.0,60.128161,18.643501,European,Europe
645,Thailand,33.0,23.0,6.0,4.0,0.0,2020-02-14,0.0,0.0,15.870032,100.992541,South East Asia,Asia
646,UAE,8.0,6.0,1.0,1.0,0.0,2020-02-14,0.0,0.0,23.424076,53.847818,Eastern Mediterranean,Asia
647,UK,9.0,2.0,7.0,0.0,0.0,2020-02-14,0.0,0.0,55.378051,-3.435973,European,Europe
648,USA,15.0,13.0,2.0,0.0,0.0,2020-02-14,1.0,0.0,37.09024,-95.712891,The Americas,North America
649,VietNam,16.0,8.0,8.0,0.0,0.0,2020-02-14,0.0,0.0,14.058324,108.277199,Western Pacific,Asia
650,Australia,15.0,12.0,3.0,0.0,0.0,2020-02-15,0.0,0.0,-25.274398,133.775136,Western Pacific,Australia
651,Belgium,1.0,1.0,0.0,0.0,0.0,2020-02-15,0.0,0.0,50.640281,4.666715,European,Europe
652,Cambodia,1.0,1.0,0.0,0.0,0.0,2020-02-15,0.0,0.0,12.565679,104.990963,Western Pacific,Asia
653,Canada,7.0,6.0,0.0,1.0,0.0,2020-02-15,0.0,0.0,56.130366,-106.346771,The Americas,North America
654,China,50054.0,0.0,0.0,0.0,1524.0,2020-02-15,1506.0,143.0,35.86166,104.195397,Western Pacific,Asia
655,Egypt,0.0,0.0,0.0,0.0,0.0,2020-02-15,0.0,0.0,26.820553,30.802498,Eastern Mediterranean,Asia
656,Finland,1.0,1.0,0.0,0.0,0.0,2020-02-15,0.0,0.0,61.92411,25.748151,European,Europe
657,France,11.0,5.0,6.0,0.0,0.0,2020-02-15,0.0,0.0,46.227638,2.213749,European,Europe
658,Germany,16.0,2.0,14.0,0.0,0.0,2020-02-15,0.0,0.0,51.165691,10.451526,European,Europe
659,India,3.0,3.0,0.0,0.0,0.0,2020-02-15,0.0,0.0,20.593684,78.96288,South East Asia,Asia
660,Italy,3.0,3.0,0.0,0.0,0.0,2020-02-15,0.0,0.0,41.87194,12.56738,European,Europe
661,Japan,41.0,25.0,16.0,0.0,1.0,2020-02-15,8.0,1.0,36.204824,138.252924,Western Pacific,Asia
662,Korea,28.0,13.0,12.0,3.0,0.0,2020-02-15,0.0,0.0,40.339852,127.510093,Western Pacific,Asia
663,Malaysia,21.0,16.0,4.0,1.0,0.0,2020-02-15,2.0,0.0,4.210484,101.975766,Western Pacific,Asia
664,Nepal,1.0,1.0,0.0,0.0,0.0,2020-02-15,0.0,0.0,28.394857,84.124008,South East Asia,Asia
665,Philippines,3.0,3.0,0.0,0.0,1.0,2020-02-15,0.0,0.0,12.879721,121.774017,Western Pacific,Asia
666,Russian,2.0,2.0,0.0,0.0,0.0,2020-02-15,0.0,0.0,61.52401,105.318756,European,Europe
667,Singapore,67.0,22.0,44.0,1.0,0.0,2020-02-15,9.0,0.0,1.352083,103.819836,Western Pacific,Asia
668,Spain,2.0,0.0,2.0,0.0,0.0,2020-02-15,0.0,0.0,40.463667,-3.74922,European,Europe
669,SriLanka,1.0,1.0,0.0,0.0,0.0,2020-02-15,0.0,0.0,7.873054,80.771797,South East Asia,Asia
670,Sweden,1.0,1.0,0.0,0.0,0.0,2020-02-15,0.0,0.0,60.128161,18.643501,European,Europe
671,Thailand,34.0,23.0,7.0,4.0,0.0,2020-02-15,1.0,0.0,15.870032,100.992541,South East Asia,Asia
672,UAE,8.0,6.0,1.0,1.0,0.0,2020-02-15,0.0,0.0,23.424076,53.847818,Eastern Mediterranean,Asia
673,UK,9.0,2.0,7.0,0.0,0.0,2020-02-15,0.0,0.0,55.378051,-3.435973,European,Europe
674,USA,15.0,13.0,2.0,0.0,0.0,2020-02-15,0.0,0.0,37.09024,-95.712891,The Americas,North America
675,VietNam,16.0,8.0,8.0,0.0,0.0,2020-02-15,0.0,0.0,14.058324,108.277199,Western Pacific,Asia
676,Australia,15.0,12.0,3.0,0.0,0.0,2020-02-16,0.0,0.0,-25.274398,133.775136,Western Pacific,Australia
677,Belgium,1.0,1.0,0.0,0.0,0.0,2020-02-16,0.0,0.0,50.640281,4.666715,European,Europe
678,Cambodia,1.0,1.0,0.0,0.0,0.0,2020-02-16,0.0,0.0,12.565679,104.990963,Western Pacific,Asia
679,Canada,7.0,6.0,0.0,1.0,0.0,2020-02-16,0.0,0.0,56.130366,-106.346771,The Americas,North America
680,China,51174.0,0.0,0.0,0.0,1666.0,2020-02-16,1120.0,142.0,35.86166,104.195397,Western Pacific,Asia
681,Egypt,1.0,0.0,1.0,0.0,0.0,2020-02-16,1.0,0.0,26.820553,30.802498,Eastern Mediterranean,Asia
682,Finland,1.0,1.0,0.0,0.0,0.0,2020-02-16,0.0,0.0,61.92411,25.748151,European,Europe
683,France,12.0,5.0,7.0,0.0,1.0,2020-02-16,1.0,1.0,46.227638,2.213749,European,Europe
684,Germany,16.0,2.0,14.0,0.0,0.0,2020-02-16,0.0,0.0,51.165691,10.451526,European,Europe
685,India,3.0,3.0,0.0,0.0,0.0,2020-02-16,0.0,0.0,20.593684,78.96288,South East Asia,Asia
686,Italy,3.0,3.0,0.0,0.0,0.0,2020-02-16,0.0,0.0,41.87194,12.56738,European,Europe
687,Japan,53.0,26.0,27.0,0.0,1.0,2020-02-16,12.0,0.0,36.204824,138.252924,Western Pacific,Asia
688,Korea,29.0,13.0,13.0,3.0,0.0,2020-02-16,1.0,0.0,40.339852,127.510093,Western Pacific,Asia
689,Malaysia,22.0,17.0,4.0,1.0,0.0,2020-02-16,1.0,0.0,4.210484,101.975766,Western Pacific,Asia
690,Nepal,1.0,1.0,0.0,0.0,0.0,2020-02-16,0.0,0.0,28.394857,84.124008,South East Asia,Asia
691,Philippines,3.0,3.0,0.0,0.0,1.0,2020-02-16,0.0,0.0,12.879721,121.774017,Western Pacific,Asia
692,Russian,2.0,2.0,0.0,0.0,0.0,2020-02-16,0.0,0.0,61.52401,105.318756,European,Europe
693,Singapore,72.0,22.0,49.0,1.0,0.0,2020-02-16,5.0,0.0,1.352083,103.819836,Western Pacific,Asia
694,Spain,2.0,0.0,2.0,0.0,0.0,2020-02-16,0.0,0.0,40.463667,-3.74922,European,Europe
695,SriLanka,1.0,1.0,0.0,0.0,0.0,2020-02-16,0.0,0.0,7.873054,80.771797,South East Asia,Asia
696,Sweden,1.0,1.0,0.0,0.0,0.0,2020-02-16,0.0,0.0,60.128161,18.643501,European,Europe
697,Thailand,34.0,23.0,7.0,4.0,0.0,2020-02-16,0.0,0.0,15.870032,100.992541,South East Asia,Asia
698,UAE,8.0,6.0,1.0,1.0,0.0,2020-02-16,0.0,0.0,23.424076,53.847818,Eastern Mediterranean,Asia
699,UK,9.0,2.0,7.0,0.0,0.0,2020-02-16,0.0,0.0,55.378051,-3.435973,European,Europe
700,USA,15.0,13.0,2.0,0.0,0.0,2020-02-16,0.0,0.0,37.09024,-95.712891,The Americas,North America
701,VietNam,16.0,8.0,8.0,0.0,0.0,2020-02-16,0.0,0.0,14.058324,108.277199,Western Pacific,Asia
702,Australia,15.0,12.0,3.0,0.0,0.0,2020-02-17,0.0,0.0,-25.274398,133.775136,Western Pacific,Australia
703,Belgium,1.0,1.0,0.0,0.0,0.0,2020-02-17,0.0,0.0,50.640281,4.666715,European,Europe
704,Cambodia,1.0,1.0,0.0,0.0,0.0,2020-02-17,0.0,0.0,12.565679,104.990963,Western Pacific,Asia
705,Canada,7.0,6.0,0.0,1.0,0.0,2020-02-17,0.0,0.0,56.130366,-106.346771,The Americas,North America
706,China,70635.0,0.0,0.0,0.0,1772.0,2020-02-17,19461.0,106.0,35.86166,104.195397,Western Pacific,Asia
707,Egypt,1.0,0.0,1.0,0.0,0.0,2020-02-17,0.0,0.0,26.820553,30.802498,Eastern Mediterranean,Asia
708,Finland,1.0,1.0,0.0,0.0,0.0,2020-02-17,0.0,0.0,61.92411,25.748151,European,Europe
709,France,12.0,5.0,7.0,0.0,1.0,2020-02-17,0.0,0.0,46.227638,2.213749,European,Europe
710,Germany,16.0,2.0,14.0,0.0,0.0,2020-02-17,0.0,0.0,51.165691,10.451526,European,Europe
711,India,3.0,3.0,0.0,0.0,0.0,2020-02-17,0.0,0.0,20.593684,78.96288,South East Asia,Asia
712,Italy,3.0,3.0,0.0,0.0,0.0,2020-02-17,0.0,0.0,41.87194,12.56738,European,Europe
713,Japan,59.0,26.0,33.0,0.0,1.0,2020-02-17,6.0,0.0,36.204824,138.252924,Western Pacific,Asia
714,Korea,30.0,13.0,14.0,3.0,0.0,2020-02-17,1.0,0.0,40.339852,127.510093,Western Pacific,Asia
715,Malaysia,22.0,17.0,4.0,1.0,0.0,2020-02-17,0.0,0.0,4.210484,101.975766,Western Pacific,Asia
716,Nepal,1.0,1.0,0.0,0.0,0.0,2020-02-17,0.0,0.0,28.394857,84.124008,South East Asia,Asia
717,Philippines,3.0,3.0,0.0,0.0,1.0,2020-02-17,0.0,0.0,12.879721,121.774017,Western Pacific,Asia
718,Russian,2.0,2.0,0.0,0.0,0.0,2020-02-17,0.0,0.0,61.52401,105.318756,European,Europe
719,Singapore,75.0,22.0,52.0,1.0,0.0,2020-02-17,3.0,0.0,1.352083,103.819836,Western Pacific,Asia
720,Spain,2.0,0.0,2.0,0.0,0.0,2020-02-17,0.0,0.0,40.463667,-3.74922,European,Europe
721,SriLanka,1.0,1.0,0.0,0.0,0.0,2020-02-17,0.0,0.0,7.873054,80.771797,South East Asia,Asia
722,Sweden,1.0,1.0,0.0,0.0,0.0,2020-02-17,0.0,0.0,60.128161,18.643501,European,Europe
723,Thailand,35.0,23.0,7.0,5.0,0.0,2020-02-17,1.0,0.0,15.870032,100.992541,South East Asia,Asia
724,UAE,9.0,6.0,2.0,1.0,0.0,2020-02-17,1.0,0.0,23.424076,53.847818,Eastern Mediterranean,Asia
725,UK,9.0,2.0,7.0,0.0,0.0,2020-02-17,0.0,0.0,55.378051,-3.435973,European,Europe
726,USA,15.0,13.0,2.0,0.0,0.0,2020-02-17,0.0,0.0,37.09024,-95.712891,The Americas,North America
727,VietNam,16.0,8.0,8.0,0.0,0.0,2020-02-17,0.0,0.0,14.058324,108.277199,Western Pacific,Asia
